ticker,quarter,business,view,comparison,result,state
ORCL,2026-08-31,全部业务 / $19.3B / 总收入 · 环比 +0.8%,近 8 季收入,同比,PASS interaction,
ORCL,2026-08-31,全部业务 / $19.3B / 总收入 · 环比 +0.8%,近 8 季收入,环比,PASS interaction,
ORCL,2026-08-31,全部业务 / $19.3B / 总收入 · 环比 +0.8%,增长来源,同比,PASS interaction,
ORCL,2026-08-31,全部业务 / $19.3B / 总收入 · 环比 +0.8%,增长来源,环比,PASS interaction,
ORCL,2026-08-31,云服务 / $11.6B / 60.0% · 环比 +17.1%,近 8 季收入,同比,PASS interaction,
ORCL,2026-08-31,云服务 / $11.6B / 60.0% · 环比 +17.1%,近 8 季收入,环比,PASS interaction,
ORCL,2026-08-31,云服务 / $11.6B / 60.0% · 环比 +17.1%,增长来源,同比,PASS interaction,
ORCL,2026-08-31,云服务 / $11.6B / 60.0% · 环比 +17.1%,增长来源,环比,PASS interaction,
ORCL,2026-08-31,云应用 / $4.2B / 21.8% · 环比 +2.3%,近 8 季收入,同比,PASS interaction,
ORCL,2026-08-31,云应用 / $4.2B / 21.8% · 环比 +2.3%,近 8 季收入,环比,PASS interaction,
ORCL,2026-08-31,云应用 / $4.2B / 21.8% · 环比 +2.3%,增长来源,同比,PASS interaction,
ORCL,2026-08-31,云应用 / $4.2B / 21.8% · 环比 +2.3%,增长来源,环比,PASS interaction,
ORCL,2026-08-31,云基础设施 / $7.4B / 38.2% · 环比 +27.7%,近 8 季收入,同比,PASS interaction,
ORCL,2026-08-31,云基础设施 / $7.4B / 38.2% · 环比 +27.7%,近 8 季收入,环比,PASS interaction,
ORCL,2026-08-31,云基础设施 / $7.4B / 38.2% · 环比 +27.7%,增长来源,同比,PASS interaction,
ORCL,2026-08-31,云基础设施 / $7.4B / 38.2% · 环比 +27.7%,增长来源,环比,PASS interaction,
ORCL,2026-08-31,软件 / $5.5B / 28.7% · 环比 -18.7%,近 8 季收入,同比,PASS interaction,
ORCL,2026-08-31,软件 / $5.5B / 28.7% · 环比 -18.7%,近 8 季收入,环比,PASS interaction,
ORCL,2026-08-31,软件 / $5.5B / 28.7% · 环比 -18.7%,增长来源,同比,PASS interaction,
ORCL,2026-08-31,软件 / $5.5B / 28.7% · 环比 -18.7%,增长来源,环比,PASS interaction,
ORCL,2026-08-31,软件许可 / $655M / 3.4% · 环比 -65.2%,近 8 季收入,同比,PASS interaction,
ORCL,2026-08-31,软件许可 / $655M / 3.4% · 环比 -65.2%,近 8 季收入,环比,PASS interaction,
ORCL,2026-08-31,软件许可 / $655M / 3.4% · 环比 -65.2%,增长来源,同比,PASS interaction,
ORCL,2026-08-31,软件许可 / $655M / 3.4% · 环比 -65.2%,增长来源,环比,PASS interaction,
ORCL,2026-08-31,软件支持 / $4.9B / 25.3% · 环比 -1.0%,近 8 季收入,同比,PASS interaction,
ORCL,2026-08-31,软件支持 / $4.9B / 25.3% · 环比 -1.0%,近 8 季收入,环比,PASS interaction,
ORCL,2026-08-31,软件支持 / $4.9B / 25.3% · 环比 -1.0%,增长来源,同比,PASS interaction,
ORCL,2026-08-31,软件支持 / $4.9B / 25.3% · 环比 -1.0%,增长来源,环比,PASS interaction,
ORCL,2026-08-31,硬件 / $774M / 4.0% · 环比 -16.2%,近 8 季收入,同比,PASS interaction,
ORCL,2026-08-31,硬件 / $774M / 4.0% · 环比 -16.2%,近 8 季收入,环比,PASS interaction,
ORCL,2026-08-31,硬件 / $774M / 4.0% · 环比 -16.2%,增长来源,同比,PASS interaction,
ORCL,2026-08-31,硬件 / $774M / 4.0% · 环比 -16.2%,增长来源,环比,PASS interaction,
ORCL,2026-08-31,服务 / $1.4B / 7.3% · 环比 -7.2%,近 8 季收入,同比,PASS interaction,
ORCL,2026-08-31,服务 / $1.4B / 7.3% · 环比 -7.2%,近 8 季收入,环比,PASS interaction,
ORCL,2026-08-31,服务 / $1.4B / 7.3% · 环比 -7.2%,增长来源,同比,PASS interaction,
ORCL,2026-08-31,服务 / $1.4B / 7.3% · 环比 -7.2%,增长来源,环比,PASS interaction,
ORCL,2026-05-31,全部业务 / $19.2B / 总收入 · 环比 +11.6%,近 8 季收入,同比,PASS interaction,
ORCL,2026-05-31,全部业务 / $19.2B / 总收入 · 环比 +11.6%,近 8 季收入,环比,PASS interaction,
ORCL,2026-05-31,全部业务 / $19.2B / 总收入 · 环比 +11.6%,增长来源,同比,PASS interaction,
ORCL,2026-05-31,全部业务 / $19.2B / 总收入 · 环比 +11.6%,增长来源,环比,PASS interaction,
ORCL,2026-05-31,软件 / $6.8B / 35.6%,近 8 季收入,同比,PASS interaction,
ORCL,2026-05-31,软件 / $6.8B / 35.6%,近 8 季收入,环比,PASS interaction,
ORCL,2026-05-31,软件 / $6.8B / 35.6%,增长来源,同比,PASS interaction,
ORCL,2026-05-31,软件 / $6.8B / 35.6%,增长来源,环比,PASS interaction,
ORCL,2026-05-31,软件许可 / $1.9B / 9.8%,近 8 季收入,同比,PASS interaction,
ORCL,2026-05-31,软件许可 / $1.9B / 9.8%,近 8 季收入,环比,PASS interaction,
ORCL,2026-05-31,软件许可 / $1.9B / 9.8%,增长来源,同比,PASS interaction,
ORCL,2026-05-31,软件许可 / $1.9B / 9.8%,增长来源,环比,PASS interaction,
ORCL,2026-05-31,软件支持 / $4.9B / 25.8%,近 8 季收入,同比,PASS interaction,
ORCL,2026-05-31,软件支持 / $4.9B / 25.8%,近 8 季收入,环比,PASS interaction,
ORCL,2026-05-31,软件支持 / $4.9B / 25.8%,增长来源,同比,PASS interaction,
ORCL,2026-05-31,软件支持 / $4.9B / 25.8%,增长来源,环比,PASS interaction,
ORCL,2026-05-31,硬件 / $924M / 4.8%,近 8 季收入,同比,PASS interaction,
ORCL,2026-05-31,硬件 / $924M / 4.8%,近 8 季收入,环比,PASS interaction,
ORCL,2026-05-31,硬件 / $924M / 4.8%,增长来源,同比,PASS interaction,
ORCL,2026-05-31,硬件 / $924M / 4.8%,增长来源,环比,PASS interaction,
ORCL,2026-05-31,服务 / $1.5B / 7.9%,近 8 季收入,同比,PASS interaction,
ORCL,2026-05-31,服务 / $1.5B / 7.9%,近 8 季收入,环比,PASS interaction,
ORCL,2026-05-31,服务 / $1.5B / 7.9%,增长来源,同比,PASS interaction,
ORCL,2026-05-31,服务 / $1.5B / 7.9%,增长来源,环比,PASS interaction,
ORCL,2026-05-31,云服务 / $9.9B / 51.7%,近 8 季收入,同比,PASS interaction,
ORCL,2026-05-31,云服务 / $9.9B / 51.7%,近 8 季收入,环比,PASS interaction,
ORCL,2026-05-31,云服务 / $9.9B / 51.7%,增长来源,同比,PASS interaction,
ORCL,2026-05-31,云服务 / $9.9B / 51.7%,增长来源,环比,PASS interaction,
ORCL,2026-05-31,云应用 / $4.1B / 21.5%,近 8 季收入,同比,PASS interaction,
ORCL,2026-05-31,云应用 / $4.1B / 21.5%,近 8 季收入,环比,PASS interaction,
ORCL,2026-05-31,云应用 / $4.1B / 21.5%,增长来源,同比,PASS interaction,
ORCL,2026-05-31,云应用 / $4.1B / 21.5%,增长来源,环比,PASS interaction,
ORCL,2026-05-31,云基础设施 / $5.8B / 30.2%,近 8 季收入,同比,PASS interaction,
ORCL,2026-05-31,云基础设施 / $5.8B / 30.2%,近 8 季收入,环比,PASS interaction,
ORCL,2026-05-31,云基础设施 / $5.8B / 30.2%,增长来源,同比,PASS interaction,
ORCL,2026-05-31,云基础设施 / $5.8B / 30.2%,增长来源,环比,PASS interaction,
ORCL,2026-02-28,全部业务 / $17.2B / 总收入 · 环比 +7.0%,近 8 季收入,同比,PASS interaction,
ORCL,2026-02-28,全部业务 / $17.2B / 总收入 · 环比 +7.0%,近 8 季收入,环比,PASS interaction,
ORCL,2026-02-28,全部业务 / $17.2B / 总收入 · 环比 +7.0%,增长来源,同比,PASS interaction,
ORCL,2026-02-28,全部业务 / $17.2B / 总收入 · 环比 +7.0%,增长来源,环比,PASS interaction,
ORCL,2026-02-28,云服务 / $8.9B / 51.9% · 环比 +11.7%,近 8 季收入,同比,PASS interaction,
ORCL,2026-02-28,云服务 / $8.9B / 51.9% · 环比 +11.7%,近 8 季收入,环比,PASS interaction,
ORCL,2026-02-28,云服务 / $8.9B / 51.9% · 环比 +11.7%,增长来源,同比,PASS interaction,
ORCL,2026-02-28,云服务 / $8.9B / 51.9% · 环比 +11.7%,增长来源,环比,PASS interaction,
ORCL,2026-02-28,软件 / $6.1B / 35.6% · 环比 +4.1%,近 8 季收入,同比,PASS interaction,
ORCL,2026-02-28,软件 / $6.1B / 35.6% · 环比 +4.1%,近 8 季收入,环比,PASS interaction,
ORCL,2026-02-28,软件 / $6.1B / 35.6% · 环比 +4.1%,增长来源,同比,PASS interaction,
ORCL,2026-02-28,软件 / $6.1B / 35.6% · 环比 +4.1%,增长来源,环比,PASS interaction,
ORCL,2026-02-28,Hardware / $714M / 4.2% · 环比 -8.0%,近 8 季收入,同比,PASS interaction,
ORCL,2026-02-28,Hardware / $714M / 4.2% · 环比 -8.0%,近 8 季收入,环比,PASS interaction,
ORCL,2026-02-28,Hardware / $714M / 4.2% · 环比 -8.0%,增长来源,同比,PASS interaction,
ORCL,2026-02-28,Hardware / $714M / 4.2% · 环比 -8.0%,增长来源,环比,PASS interaction,
ORCL,2026-02-28,Services / $1.4B / 8.4% · 环比 +1.1%,近 8 季收入,同比,PASS interaction,
ORCL,2026-02-28,Services / $1.4B / 8.4% · 环比 +1.1%,近 8 季收入,环比,PASS interaction,
ORCL,2026-02-28,Services / $1.4B / 8.4% · 环比 +1.1%,增长来源,同比,PASS interaction,
ORCL,2026-02-28,Services / $1.4B / 8.4% · 环比 +1.1%,增长来源,环比,PASS interaction,
ORCL,2025-11-30,全部业务 / $16.1B / 总收入 · 环比 +7.6%,近 8 季收入,同比,PASS interaction,
ORCL,2025-11-30,全部业务 / $16.1B / 总收入 · 环比 +7.6%,近 8 季收入,环比,PASS interaction,
ORCL,2025-11-30,全部业务 / $16.1B / 总收入 · 环比 +7.6%,增长来源,同比,PASS interaction,
ORCL,2025-11-30,全部业务 / $16.1B / 总收入 · 环比 +7.6%,增长来源,环比,PASS interaction,
ORCL,2025-11-30,云服务 / $8.0B / 49.7% · 环比 +11.0%,近 8 季收入,同比,PASS interaction,
ORCL,2025-11-30,云服务 / $8.0B / 49.7% · 环比 +11.0%,近 8 季收入,环比,PASS interaction,
ORCL,2025-11-30,云服务 / $8.0B / 49.7% · 环比 +11.0%,增长来源,同比,PASS interaction,
ORCL,2025-11-30,云服务 / $8.0B / 49.7% · 环比 +11.0%,增长来源,环比,PASS interaction,
ORCL,2025-11-30,软件 / $5.9B / 36.6% · 环比 +2.7%,近 8 季收入,同比,PASS interaction,
ORCL,2025-11-30,软件 / $5.9B / 36.6% · 环比 +2.7%,近 8 季收入,环比,PASS interaction,
ORCL,2025-11-30,软件 / $5.9B / 36.6% · 环比 +2.7%,增长来源,同比,PASS interaction,
ORCL,2025-11-30,软件 / $5.9B / 36.6% · 环比 +2.7%,增长来源,环比,PASS interaction,
ORCL,2025-11-30,Hardware / $776M / 4.8% · 环比 +15.8%,近 8 季收入,同比,PASS interaction,
ORCL,2025-11-30,Hardware / $776M / 4.8% · 环比 +15.8%,近 8 季收入,环比,PASS interaction,
ORCL,2025-11-30,Hardware / $776M / 4.8% · 环比 +15.8%,增长来源,同比,PASS interaction,
ORCL,2025-11-30,Hardware / $776M / 4.8% · 环比 +15.8%,增长来源,环比,PASS interaction,
ORCL,2025-11-30,Services / $1.4B / 8.9% · 环比 +5.9%,近 8 季收入,同比,PASS interaction,
ORCL,2025-11-30,Services / $1.4B / 8.9% · 环比 +5.9%,近 8 季收入,环比,PASS interaction,
ORCL,2025-11-30,Services / $1.4B / 8.9% · 环比 +5.9%,增长来源,同比,PASS interaction,
ORCL,2025-11-30,Services / $1.4B / 8.9% · 环比 +5.9%,增长来源,环比,PASS interaction,
ORCL,2025-08-31,全部业务 / $14.9B / 总收入 · 环比 -6.1%,近 8 季收入,同比,PASS interaction,
ORCL,2025-08-31,全部业务 / $14.9B / 总收入 · 环比 -6.1%,近 8 季收入,环比,PASS interaction,
ORCL,2025-08-31,全部业务 / $14.9B / 总收入 · 环比 -6.1%,增长来源,同比,PASS interaction,
ORCL,2025-08-31,全部业务 / $14.9B / 总收入 · 环比 -6.1%,增长来源,环比,PASS interaction,
ORCL,2025-08-31,云服务 / $7.2B / 48.1%,近 8 季收入,同比,PASS interaction,
ORCL,2025-08-31,云服务 / $7.2B / 48.1%,近 8 季收入,环比,PASS interaction,
ORCL,2025-08-31,云服务 / $7.2B / 48.1%,增长来源,同比,PASS interaction,
ORCL,2025-08-31,云服务 / $7.2B / 48.1%,增长来源,环比,PASS interaction,
ORCL,2025-08-31,软件 / $5.7B / 38.3%,近 8 季收入,同比,PASS interaction,
ORCL,2025-08-31,软件 / $5.7B / 38.3%,近 8 季收入,环比,PASS interaction,
ORCL,2025-08-31,软件 / $5.7B / 38.3%,增长来源,同比,PASS interaction,
ORCL,2025-08-31,软件 / $5.7B / 38.3%,增长来源,环比,PASS interaction,
ORCL,2025-08-31,Hardware / $670M / 4.5% · 环比 -21.2%,近 8 季收入,同比,PASS interaction,
ORCL,2025-08-31,Hardware / $670M / 4.5% · 环比 -21.2%,近 8 季收入,环比,PASS interaction,
ORCL,2025-08-31,Hardware / $670M / 4.5% · 环比 -21.2%,增长来源,同比,PASS interaction,
ORCL,2025-08-31,Hardware / $670M / 4.5% · 环比 -21.2%,增长来源,环比,PASS interaction,
ORCL,2025-08-31,Services / $1.3B / 9.0% · 环比 +0.1%,近 8 季收入,同比,PASS interaction,
ORCL,2025-08-31,Services / $1.3B / 9.0% · 环比 +0.1%,近 8 季收入,环比,PASS interaction,
ORCL,2025-08-31,Services / $1.3B / 9.0% · 环比 +0.1%,增长来源,同比,PASS interaction,
ORCL,2025-08-31,Services / $1.3B / 9.0% · 环比 +0.1%,增长来源,环比,PASS interaction,
ORCL,2025-05-31,全部业务 / $15.9B / 总收入 · 环比 不可比,近 8 季收入,同比,PASS interaction,
ORCL,2025-05-31,全部业务 / $15.9B / 总收入 · 环比 不可比,近 8 季收入,环比,PASS interaction,
ORCL,2025-05-31,全部业务 / $15.9B / 总收入 · 环比 不可比,增长来源,同比,PASS interaction,
ORCL,2025-05-31,全部业务 / $15.9B / 总收入 · 环比 不可比,增长来源,环比,PASS interaction,
ORCL,2025-05-31,云服务与许可支持 / $11.7B / 73.6%,近 8 季收入,同比,PASS interaction,
ORCL,2025-05-31,云服务与许可支持 / $11.7B / 73.6%,近 8 季收入,环比,PASS interaction,
ORCL,2025-05-31,云服务与许可支持 / $11.7B / 73.6%,增长来源,同比,PASS interaction,
ORCL,2025-05-31,云服务与许可支持 / $11.7B / 73.6%,增长来源,环比,PASS interaction,
ORCL,2025-05-31,云许可与本地部署许可 / $2.0B / 12.6%,近 8 季收入,同比,PASS interaction,
ORCL,2025-05-31,云许可与本地部署许可 / $2.0B / 12.6%,近 8 季收入,环比,PASS interaction,
ORCL,2025-05-31,云许可与本地部署许可 / $2.0B / 12.6%,增长来源,同比,PASS interaction,
ORCL,2025-05-31,云许可与本地部署许可 / $2.0B / 12.6%,增长来源,环比,PASS interaction,
ORCL,2025-05-31,Hardware / $850M / 5.3%,近 8 季收入,同比,PASS interaction,
ORCL,2025-05-31,Hardware / $850M / 5.3%,近 8 季收入,环比,PASS interaction,
ORCL,2025-05-31,Hardware / $850M / 5.3%,增长来源,同比,PASS interaction,
ORCL,2025-05-31,Hardware / $850M / 5.3%,增长来源,环比,PASS interaction,
ORCL,2025-05-31,Services / $1.3B / 8.5%,近 8 季收入,同比,PASS interaction,
ORCL,2025-05-31,Services / $1.3B / 8.5%,近 8 季收入,环比,PASS interaction,
ORCL,2025-05-31,Services / $1.3B / 8.5%,增长来源,同比,PASS interaction,
ORCL,2025-05-31,Services / $1.3B / 8.5%,增长来源,环比,PASS interaction,
ORCL,2025-02-28,全部业务 / $14.1B / 总收入 · 环比 不可比,近 8 季收入,同比,PASS interaction,
ORCL,2025-02-28,全部业务 / $14.1B / 总收入 · 环比 不可比,近 8 季收入,环比,PASS interaction,
ORCL,2025-02-28,全部业务 / $14.1B / 总收入 · 环比 不可比,增长来源,同比,PASS interaction,
ORCL,2025-02-28,全部业务 / $14.1B / 总收入 · 环比 不可比,增长来源,环比,PASS interaction,
ORCL,2025-02-28,云与软件 / $12.1B / 85.9%,近 8 季收入,同比,PASS interaction,
ORCL,2025-02-28,云与软件 / $12.1B / 85.9%,近 8 季收入,环比,PASS interaction,
ORCL,2025-02-28,云与软件 / $12.1B / 85.9%,增长来源,同比,PASS interaction,
ORCL,2025-02-28,云与软件 / $12.1B / 85.9%,增长来源,环比,PASS interaction,
ORCL,2025-02-28,硬件 / $703M / 5.0%,近 8 季收入,同比,PASS interaction,
ORCL,2025-02-28,硬件 / $703M / 5.0%,近 8 季收入,环比,PASS interaction,
ORCL,2025-02-28,硬件 / $703M / 5.0%,增长来源,同比,PASS interaction,
ORCL,2025-02-28,硬件 / $703M / 5.0%,增长来源,环比,PASS interaction,
ORCL,2025-02-28,服务 / $1.3B / 9.1%,近 8 季收入,同比,PASS interaction,
ORCL,2025-02-28,服务 / $1.3B / 9.1%,近 8 季收入,环比,PASS interaction,
ORCL,2025-02-28,服务 / $1.3B / 9.1%,增长来源,同比,PASS interaction,
ORCL,2025-02-28,服务 / $1.3B / 9.1%,增长来源,环比,PASS interaction,
ORCL,2024-11-30,全部业务 / $14.1B / 总收入 · 环比 不可比,近 8 季收入,同比,PASS interaction,
ORCL,2024-11-30,全部业务 / $14.1B / 总收入 · 环比 不可比,近 8 季收入,环比,PASS interaction,
ORCL,2024-11-30,全部业务 / $14.1B / 总收入 · 环比 不可比,增长来源,同比,PASS interaction,
ORCL,2024-11-30,全部业务 / $14.1B / 总收入 · 环比 不可比,增长来源,环比,PASS interaction,
ORCL,2024-11-30,云服务与许可支持 / $10.8B / 76.9%,近 8 季收入,同比,PASS interaction,
ORCL,2024-11-30,云服务与许可支持 / $10.8B / 76.9%,近 8 季收入,环比,PASS interaction,
ORCL,2024-11-30,云服务与许可支持 / $10.8B / 76.9%,增长来源,同比,PASS interaction,
ORCL,2024-11-30,云服务与许可支持 / $10.8B / 76.9%,增长来源,环比,PASS interaction,
ORCL,2024-11-30,云许可与本地部署许可 / $1.2B / 8.5%,近 8 季收入,同比,PASS interaction,
ORCL,2024-11-30,云许可与本地部署许可 / $1.2B / 8.5%,近 8 季收入,环比,PASS interaction,
ORCL,2024-11-30,云许可与本地部署许可 / $1.2B / 8.5%,增长来源,同比,PASS interaction,
ORCL,2024-11-30,云许可与本地部署许可 / $1.2B / 8.5%,增长来源,环比,PASS interaction,
ORCL,2024-11-30,Hardware / $728M / 5.2%,近 8 季收入,同比,PASS interaction,
ORCL,2024-11-30,Hardware / $728M / 5.2%,近 8 季收入,环比,PASS interaction,
ORCL,2024-11-30,Hardware / $728M / 5.2%,增长来源,同比,PASS interaction,
ORCL,2024-11-30,Hardware / $728M / 5.2%,增长来源,环比,PASS interaction,
ORCL,2024-11-30,Services / $1.3B / 9.5%,近 8 季收入,同比,PASS interaction,
ORCL,2024-11-30,Services / $1.3B / 9.5%,近 8 季收入,环比,PASS interaction,
ORCL,2024-11-30,Services / $1.3B / 9.5%,增长来源,同比,PASS interaction,
ORCL,2024-11-30,Services / $1.3B / 9.5%,增长来源,环比,PASS interaction,
NVDA,2026-07-26,全部业务 / $96.2B / 总收入 · 环比 +17.9%,近 8 季收入,同比,PASS interaction,
NVDA,2026-07-26,全部业务 / $96.2B / 总收入 · 环比 +17.9%,近 8 季收入,环比,PASS interaction,
NVDA,2026-07-26,全部业务 / $96.2B / 总收入 · 环比 +17.9%,增长来源,同比,PASS interaction,
NVDA,2026-07-26,全部业务 / $96.2B / 总收入 · 环比 +17.9%,增长来源,环比,PASS interaction,
NVDA,2026-07-26,数据中心 / $89.0B / 92.5%,近 8 季收入,同比,PASS interaction,
NVDA,2026-07-26,数据中心 / $89.0B / 92.5%,近 8 季收入,环比,PASS interaction,
NVDA,2026-07-26,数据中心 / $89.0B / 92.5%,增长来源,同比,PASS interaction,
NVDA,2026-07-26,数据中心 / $89.0B / 92.5%,增长来源,环比,PASS interaction,
NVDA,2026-07-26,超大规模云客户 / $48.7B / 50.6%,近 8 季收入,同比,PASS interaction,
NVDA,2026-07-26,超大规模云客户 / $48.7B / 50.6%,近 8 季收入,环比,PASS interaction,
NVDA,2026-07-26,超大规模云客户 / $48.7B / 50.6%,增长来源,同比,PASS interaction,
NVDA,2026-07-26,超大规模云客户 / $48.7B / 50.6%,增长来源,环比,PASS interaction,
NVDA,2026-07-26,AI 云、工业与企业 / $40.3B / 41.9%,近 8 季收入,同比,PASS interaction,
NVDA,2026-07-26,AI 云、工业与企业 / $40.3B / 41.9%,近 8 季收入,环比,PASS interaction,
NVDA,2026-07-26,AI 云、工业与企业 / $40.3B / 41.9%,增长来源,同比,PASS interaction,
NVDA,2026-07-26,AI 云、工业与企业 / $40.3B / 41.9%,增长来源,环比,PASS interaction,
NVDA,2026-07-26,边缘计算 / $7.2B / 7.5%,近 8 季收入,同比,PASS interaction,
NVDA,2026-07-26,边缘计算 / $7.2B / 7.5%,近 8 季收入,环比,PASS interaction,
NVDA,2026-07-26,边缘计算 / $7.2B / 7.5%,增长来源,同比,PASS interaction,
NVDA,2026-07-26,边缘计算 / $7.2B / 7.5%,增长来源,环比,PASS interaction,
NVDA,2026-04-26,全部业务 / $81.6B / 总收入 · 环比 不可比,近 8 季收入,同比,PASS interaction,
NVDA,2026-04-26,全部业务 / $81.6B / 总收入 · 环比 不可比,近 8 季收入,环比,PASS interaction,
NVDA,2026-04-26,全部业务 / $81.6B / 总收入 · 环比 不可比,增长来源,同比,PASS interaction,
NVDA,2026-04-26,全部业务 / $81.6B / 总收入 · 环比 不可比,增长来源,环比,PASS interaction,
NVDA,2026-04-26,计算与网络 / $74.5B / 91.3%,近 8 季收入,同比,PASS interaction,
NVDA,2026-04-26,计算与网络 / $74.5B / 91.3%,近 8 季收入,环比,PASS interaction,
NVDA,2026-04-26,计算与网络 / $74.5B / 91.3%,增长来源,同比,PASS interaction,
NVDA,2026-04-26,计算与网络 / $74.5B / 91.3%,增长来源,环比,PASS interaction,
NVDA,2026-04-26,图形 / $7.1B / 8.7%,近 8 季收入,同比,PASS interaction,
NVDA,2026-04-26,图形 / $7.1B / 8.7%,近 8 季收入,环比,PASS interaction,
NVDA,2026-04-26,图形 / $7.1B / 8.7%,增长来源,同比,PASS interaction,
NVDA,2026-04-26,图形 / $7.1B / 8.7%,增长来源,环比,PASS interaction,
NVDA,2025-07-27,全部业务 / $46.7B / 总收入 · 环比 +6.1%,近 8 季收入,同比,PASS interaction,
NVDA,2025-07-27,全部业务 / $46.7B / 总收入 · 环比 +6.1%,近 8 季收入,环比,PASS interaction,
NVDA,2025-07-27,全部业务 / $46.7B / 总收入 · 环比 +6.1%,增长来源,同比,PASS interaction,
NVDA,2025-07-27,全部业务 / $46.7B / 总收入 · 环比 +6.1%,增长来源,环比,PASS interaction,
NVDA,2025-07-27,计算与网络 / $41.3B / 88.4% · 环比 +4.4%,近 8 季收入,同比,PASS interaction,
NVDA,2025-07-27,计算与网络 / $41.3B / 88.4% · 环比 +4.4%,近 8 季收入,环比,PASS interaction,
NVDA,2025-07-27,计算与网络 / $41.3B / 88.4% · 环比 +4.4%,增长来源,同比,PASS interaction,
NVDA,2025-07-27,计算与网络 / $41.3B / 88.4% · 环比 +4.4%,增长来源,环比,PASS interaction,
NVDA,2025-07-27,图形 / $5.4B / 11.6% · 环比 +21.0%,近 8 季收入,同比,PASS interaction,
NVDA,2025-07-27,图形 / $5.4B / 11.6% · 环比 +21.0%,近 8 季收入,环比,PASS interaction,
NVDA,2025-07-27,图形 / $5.4B / 11.6% · 环比 +21.0%,增长来源,同比,PASS interaction,
NVDA,2025-07-27,图形 / $5.4B / 11.6% · 环比 +21.0%,增长来源,环比,PASS interaction,
NVDA,2025-04-27,全部业务 / $44.1B / 总收入 · 环比 不可比,近 8 季收入,同比,PASS interaction,
NVDA,2025-04-27,全部业务 / $44.1B / 总收入 · 环比 不可比,近 8 季收入,环比,PASS interaction,
NVDA,2025-04-27,全部业务 / $44.1B / 总收入 · 环比 不可比,增长来源,同比,PASS interaction,
NVDA,2025-04-27,全部业务 / $44.1B / 总收入 · 环比 不可比,增长来源,环比,PASS interaction,
NVDA,2025-04-27,计算与网络 / $39.6B / 89.8%,近 8 季收入,同比,PASS interaction,
NVDA,2025-04-27,计算与网络 / $39.6B / 89.8%,近 8 季收入,环比,PASS interaction,
NVDA,2025-04-27,计算与网络 / $39.6B / 89.8%,增长来源,同比,PASS interaction,
NVDA,2025-04-27,计算与网络 / $39.6B / 89.8%,增长来源,环比,PASS interaction,
NVDA,2025-04-27,图形 / $4.5B / 10.2%,近 8 季收入,同比,PASS interaction,
NVDA,2025-04-27,图形 / $4.5B / 10.2%,近 8 季收入,环比,PASS interaction,
NVDA,2025-04-27,图形 / $4.5B / 10.2%,增长来源,同比,PASS interaction,
NVDA,2025-04-27,图形 / $4.5B / 10.2%,增长来源,环比,PASS interaction,
NVDA,2024-10-27,全部业务 / $35.1B / 总收入 · 环比 +16.8%,近 8 季收入,同比,PASS interaction,
NVDA,2024-10-27,全部业务 / $35.1B / 总收入 · 环比 +16.8%,近 8 季收入,环比,PASS interaction,
NVDA,2024-10-27,全部业务 / $35.1B / 总收入 · 环比 +16.8%,增长来源,同比,PASS interaction,
NVDA,2024-10-27,全部业务 / $35.1B / 总收入 · 环比 +16.8%,增长来源,环比,PASS interaction,
NVDA,2024-10-27,ComputeAndNetworking / $31.0B / 88.5%,近 8 季收入,同比,PASS interaction,
NVDA,2024-10-27,ComputeAndNetworking / $31.0B / 88.5%,近 8 季收入,环比,PASS interaction,
NVDA,2024-10-27,ComputeAndNetworking / $31.0B / 88.5%,增长来源,同比,PASS interaction,
NVDA,2024-10-27,ComputeAndNetworking / $31.0B / 88.5%,增长来源,环比,PASS interaction,
NVDA,2024-10-27,Graphics / $4.0B / 11.5%,近 8 季收入,同比,PASS interaction,
NVDA,2024-10-27,Graphics / $4.0B / 11.5%,近 8 季收入,环比,PASS interaction,
NVDA,2024-10-27,Graphics / $4.0B / 11.5%,增长来源,同比,PASS interaction,
NVDA,2024-10-27,Graphics / $4.0B / 11.5%,增长来源,环比,PASS interaction,
NVDA,2024-07-28,全部业务 / $30.0B / 总收入 · 环比 不可比,近 8 季收入,同比,PASS interaction,
NVDA,2024-07-28,全部业务 / $30.0B / 总收入 · 环比 不可比,近 8 季收入,环比,PASS interaction,
NVDA,2024-07-28,全部业务 / $30.0B / 总收入 · 环比 不可比,增长来源,同比,PASS interaction,
NVDA,2024-07-28,全部业务 / $30.0B / 总收入 · 环比 不可比,增长来源,环比,PASS interaction,
NVDA,2024-07-28,计算与网络 / $26.4B / 88.0%,近 8 季收入,同比,PASS interaction,
NVDA,2024-07-28,计算与网络 / $26.4B / 88.0%,近 8 季收入,环比,PASS interaction,
NVDA,2024-07-28,计算与网络 / $26.4B / 88.0%,增长来源,同比,PASS interaction,
NVDA,2024-07-28,计算与网络 / $26.4B / 88.0%,增长来源,环比,PASS interaction,
NVDA,2024-07-28,图形 / $3.6B / 12.0%,近 8 季收入,同比,PASS interaction,
NVDA,2024-07-28,图形 / $3.6B / 12.0%,近 8 季收入,环比,PASS interaction,
NVDA,2024-07-28,图形 / $3.6B / 12.0%,增长来源,同比,PASS interaction,
NVDA,2024-07-28,图形 / $3.6B / 12.0%,增长来源,环比,PASS interaction,
MSFT,2026-06-30,全部业务 / $90.0B / 总收入 · 环比 +8.6%,近 8 季收入,同比,PASS interaction,
MSFT,2026-06-30,全部业务 / $90.0B / 总收入 · 环比 +8.6%,近 8 季收入,环比,PASS interaction,
MSFT,2026-06-30,全部业务 / $90.0B / 总收入 · 环比 +8.6%,增长来源,同比,PASS interaction,
MSFT,2026-06-30,全部业务 / $90.0B / 总收入 · 环比 +8.6%,增长来源,环比,PASS interaction,
MSFT,2026-06-30,生产力与业务流程 / $37.8B / 42.0% · 环比 +8.1%,近 8 季收入,同比,PASS interaction,
MSFT,2026-06-30,生产力与业务流程 / $37.8B / 42.0% · 环比 +8.1%,近 8 季收入,环比,PASS interaction,
MSFT,2026-06-30,生产力与业务流程 / $37.8B / 42.0% · 环比 +8.1%,增长来源,同比,PASS interaction,
MSFT,2026-06-30,生产力与业务流程 / $37.8B / 42.0% · 环比 +8.1%,增长来源,环比,PASS interaction,
MSFT,2026-06-30,智能云 / $39.3B / 43.7% · 环比 +13.3%,近 8 季收入,同比,PASS interaction,
MSFT,2026-06-30,智能云 / $39.3B / 43.7% · 环比 +13.3%,近 8 季收入,环比,PASS interaction,
MSFT,2026-06-30,智能云 / $39.3B / 43.7% · 环比 +13.3%,增长来源,同比,PASS interaction,
MSFT,2026-06-30,智能云 / $39.3B / 43.7% · 环比 +13.3%,增长来源,环比,PASS interaction,
MSFT,2026-06-30,更多个人计算 / $12.9B / 14.3% · 环比 -2.6%,近 8 季收入,同比,PASS interaction,
MSFT,2026-06-30,更多个人计算 / $12.9B / 14.3% · 环比 -2.6%,近 8 季收入,环比,PASS interaction,
MSFT,2026-06-30,更多个人计算 / $12.9B / 14.3% · 环比 -2.6%,增长来源,同比,PASS interaction,
MSFT,2026-06-30,更多个人计算 / $12.9B / 14.3% · 环比 -2.6%,增长来源,环比,PASS interaction,
MSFT,2026-03-31,全部业务 / $82.9B / 总收入 · 环比 +2.0%,近 8 季收入,同比,PASS interaction,
MSFT,2026-03-31,全部业务 / $82.9B / 总收入 · 环比 +2.0%,近 8 季收入,环比,PASS interaction,
MSFT,2026-03-31,全部业务 / $82.9B / 总收入 · 环比 +2.0%,增长来源,同比,PASS interaction,
MSFT,2026-03-31,全部业务 / $82.9B / 总收入 · 环比 +2.0%,增长来源,环比,PASS interaction,
MSFT,2026-03-31,生产力与业务流程 / $35.0B / 42.2% · 环比 +2.6%,近 8 季收入,同比,PASS interaction,
MSFT,2026-03-31,生产力与业务流程 / $35.0B / 42.2% · 环比 +2.6%,近 8 季收入,环比,PASS interaction,
MSFT,2026-03-31,生产力与业务流程 / $35.0B / 42.2% · 环比 +2.6%,增长来源,同比,PASS interaction,
MSFT,2026-03-31,生产力与业务流程 / $35.0B / 42.2% · 环比 +2.6%,增长来源,环比,PASS interaction,
MSFT,2026-03-31,智能云 / $34.7B / 41.8% · 环比 +5.4%,近 8 季收入,同比,PASS interaction,
MSFT,2026-03-31,智能云 / $34.7B / 41.8% · 环比 +5.4%,近 8 季收入,环比,PASS interaction,
MSFT,2026-03-31,智能云 / $34.7B / 41.8% · 环比 +5.4%,增长来源,同比,PASS interaction,
MSFT,2026-03-31,智能云 / $34.7B / 41.8% · 环比 +5.4%,增长来源,环比,PASS interaction,
MSFT,2026-03-31,更多个人计算 / $13.2B / 15.9% · 环比 -7.4%,近 8 季收入,同比,PASS interaction,
MSFT,2026-03-31,更多个人计算 / $13.2B / 15.9% · 环比 -7.4%,近 8 季收入,环比,PASS interaction,
MSFT,2026-03-31,更多个人计算 / $13.2B / 15.9% · 环比 -7.4%,增长来源,同比,PASS interaction,
MSFT,2026-03-31,更多个人计算 / $13.2B / 15.9% · 环比 -7.4%,增长来源,环比,PASS interaction,
MSFT,2025-12-31,全部业务 / $81.3B / 总收入 · 环比 +4.6%,近 8 季收入,同比,PASS interaction,
MSFT,2025-12-31,全部业务 / $81.3B / 总收入 · 环比 +4.6%,近 8 季收入,环比,PASS interaction,
MSFT,2025-12-31,全部业务 / $81.3B / 总收入 · 环比 +4.6%,增长来源,同比,PASS interaction,
MSFT,2025-12-31,全部业务 / $81.3B / 总收入 · 环比 +4.6%,增长来源,环比,PASS interaction,
MSFT,2025-12-31,生产力与业务流程 / $34.1B / 42.0% · 环比 +3.3%,近 8 季收入,同比,PASS interaction,
MSFT,2025-12-31,生产力与业务流程 / $34.1B / 42.0% · 环比 +3.3%,近 8 季收入,环比,PASS interaction,
MSFT,2025-12-31,生产力与业务流程 / $34.1B / 42.0% · 环比 +3.3%,增长来源,同比,PASS interaction,
MSFT,2025-12-31,生产力与业务流程 / $34.1B / 42.0% · 环比 +3.3%,增长来源,环比,PASS interaction,
MSFT,2025-12-31,智能云 / $32.9B / 40.5% · 环比 +6.5%,近 8 季收入,同比,PASS interaction,
MSFT,2025-12-31,智能云 / $32.9B / 40.5% · 环比 +6.5%,近 8 季收入,环比,PASS interaction,
MSFT,2025-12-31,智能云 / $32.9B / 40.5% · 环比 +6.5%,增长来源,同比,PASS interaction,
MSFT,2025-12-31,智能云 / $32.9B / 40.5% · 环比 +6.5%,增长来源,环比,PASS interaction,
MSFT,2025-12-31,更多个人计算 / $14.3B / 17.5% · 环比 +3.6%,近 8 季收入,同比,PASS interaction,
MSFT,2025-12-31,更多个人计算 / $14.3B / 17.5% · 环比 +3.6%,近 8 季收入,环比,PASS interaction,
MSFT,2025-12-31,更多个人计算 / $14.3B / 17.5% · 环比 +3.6%,增长来源,同比,PASS interaction,
MSFT,2025-12-31,更多个人计算 / $14.3B / 17.5% · 环比 +3.6%,增长来源,环比,PASS interaction,
MSFT,2025-09-30,全部业务 / $77.7B / 总收入 · 环比 不可比,近 8 季收入,同比,PASS interaction,
MSFT,2025-09-30,全部业务 / $77.7B / 总收入 · 环比 不可比,近 8 季收入,环比,PASS interaction,
MSFT,2025-09-30,全部业务 / $77.7B / 总收入 · 环比 不可比,增长来源,同比,PASS interaction,
MSFT,2025-09-30,全部业务 / $77.7B / 总收入 · 环比 不可比,增长来源,环比,PASS interaction,
MSFT,2025-09-30,生产力与业务流程 / $33.0B / 42.5%,近 8 季收入,同比,PASS interaction,
MSFT,2025-09-30,生产力与业务流程 / $33.0B / 42.5%,近 8 季收入,环比,PASS interaction,
MSFT,2025-09-30,生产力与业务流程 / $33.0B / 42.5%,增长来源,同比,PASS interaction,
MSFT,2025-09-30,生产力与业务流程 / $33.0B / 42.5%,增长来源,环比,PASS interaction,
MSFT,2025-09-30,智能云 / $30.9B / 39.8%,近 8 季收入,同比,PASS interaction,
MSFT,2025-09-30,智能云 / $30.9B / 39.8%,近 8 季收入,环比,PASS interaction,
MSFT,2025-09-30,智能云 / $30.9B / 39.8%,增长来源,同比,PASS interaction,
MSFT,2025-09-30,智能云 / $30.9B / 39.8%,增长来源,环比,PASS interaction,
MSFT,2025-09-30,更多个人计算 / $13.8B / 17.7%,近 8 季收入,同比,PASS interaction,
MSFT,2025-09-30,更多个人计算 / $13.8B / 17.7%,近 8 季收入,环比,PASS interaction,
MSFT,2025-09-30,更多个人计算 / $13.8B / 17.7%,增长来源,同比,PASS interaction,
MSFT,2025-09-30,更多个人计算 / $13.8B / 17.7%,增长来源,环比,PASS interaction,
MSFT,2025-03-31,全部业务 / $70.1B / 总收入 · 环比 +0.6%,近 8 季收入,同比,PASS interaction,
MSFT,2025-03-31,全部业务 / $70.1B / 总收入 · 环比 +0.6%,近 8 季收入,环比,PASS interaction,
MSFT,2025-03-31,全部业务 / $70.1B / 总收入 · 环比 +0.6%,增长来源,同比,PASS interaction,
MSFT,2025-03-31,全部业务 / $70.1B / 总收入 · 环比 +0.6%,增长来源,环比,PASS interaction,
MSFT,2025-03-31,生产力与业务流程 / $29.9B / 42.7% · 环比 +1.7%,近 8 季收入,同比,PASS interaction,
MSFT,2025-03-31,生产力与业务流程 / $29.9B / 42.7% · 环比 +1.7%,近 8 季收入,环比,PASS interaction,
MSFT,2025-03-31,生产力与业务流程 / $29.9B / 42.7% · 环比 +1.7%,增长来源,同比,PASS interaction,
MSFT,2025-03-31,生产力与业务流程 / $29.9B / 42.7% · 环比 +1.7%,增长来源,环比,PASS interaction,
MSFT,2025-03-31,智能云 / $26.8B / 38.2% · 环比 +4.7%,近 8 季收入,同比,PASS interaction,
MSFT,2025-03-31,智能云 / $26.8B / 38.2% · 环比 +4.7%,近 8 季收入,环比,PASS interaction,
MSFT,2025-03-31,智能云 / $26.8B / 38.2% · 环比 +4.7%,增长来源,同比,PASS interaction,
MSFT,2025-03-31,智能云 / $26.8B / 38.2% · 环比 +4.7%,增长来源,环比,PASS interaction,
MSFT,2025-03-31,更多个人计算 / $13.4B / 19.1% · 环比 -8.7%,近 8 季收入,同比,PASS interaction,
MSFT,2025-03-31,更多个人计算 / $13.4B / 19.1% · 环比 -8.7%,近 8 季收入,环比,PASS interaction,
MSFT,2025-03-31,更多个人计算 / $13.4B / 19.1% · 环比 -8.7%,增长来源,同比,PASS interaction,
MSFT,2025-03-31,更多个人计算 / $13.4B / 19.1% · 环比 -8.7%,增长来源,环比,PASS interaction,
MSFT,2024-12-31,全部业务 / $69.6B / 总收入 · 环比 +6.2%,近 8 季收入,同比,PASS interaction,
MSFT,2024-12-31,全部业务 / $69.6B / 总收入 · 环比 +6.2%,近 8 季收入,环比,PASS interaction,
MSFT,2024-12-31,全部业务 / $69.6B / 总收入 · 环比 +6.2%,增长来源,同比,PASS interaction,
MSFT,2024-12-31,全部业务 / $69.6B / 总收入 · 环比 +6.2%,增长来源,环比,PASS interaction,
MSFT,2024-12-31,生产力与业务流程 / $29.4B / 42.3% · 环比 +4.0%,近 8 季收入,同比,PASS interaction,
MSFT,2024-12-31,生产力与业务流程 / $29.4B / 42.3% · 环比 +4.0%,近 8 季收入,环比,PASS interaction,
MSFT,2024-12-31,生产力与业务流程 / $29.4B / 42.3% · 环比 +4.0%,增长来源,同比,PASS interaction,
MSFT,2024-12-31,生产力与业务流程 / $29.4B / 42.3% · 环比 +4.0%,增长来源,环比,PASS interaction,
MSFT,2024-12-31,智能云 / $25.5B / 36.7% · 环比 +6.0%,近 8 季收入,同比,PASS interaction,
MSFT,2024-12-31,智能云 / $25.5B / 36.7% · 环比 +6.0%,近 8 季收入,环比,PASS interaction,
MSFT,2024-12-31,智能云 / $25.5B / 36.7% · 环比 +6.0%,增长来源,同比,PASS interaction,
MSFT,2024-12-31,智能云 / $25.5B / 36.7% · 环比 +6.0%,增长来源,环比,PASS interaction,
MSFT,2024-12-31,更多个人计算 / $14.7B / 21.0% · 环比 +11.2%,近 8 季收入,同比,PASS interaction,
MSFT,2024-12-31,更多个人计算 / $14.7B / 21.0% · 环比 +11.2%,近 8 季收入,环比,PASS interaction,
MSFT,2024-12-31,更多个人计算 / $14.7B / 21.0% · 环比 +11.2%,增长来源,同比,PASS interaction,
MSFT,2024-12-31,更多个人计算 / $14.7B / 21.0% · 环比 +11.2%,增长来源,环比,PASS interaction,
MSFT,2024-09-30,全部业务 / $65.6B / 总收入 · 环比 不可比,近 8 季收入,同比,PASS interaction,
MSFT,2024-09-30,全部业务 / $65.6B / 总收入 · 环比 不可比,近 8 季收入,环比,PASS interaction,
MSFT,2024-09-30,全部业务 / $65.6B / 总收入 · 环比 不可比,增长来源,同比,PASS interaction,
MSFT,2024-09-30,全部业务 / $65.6B / 总收入 · 环比 不可比,增长来源,环比,PASS interaction,
MSFT,2024-09-30,生产力与业务流程 / $28.3B / 43.2%,近 8 季收入,同比,PASS interaction,
MSFT,2024-09-30,生产力与业务流程 / $28.3B / 43.2%,近 8 季收入,环比,PASS interaction,
MSFT,2024-09-30,生产力与业务流程 / $28.3B / 43.2%,增长来源,同比,PASS interaction,
MSFT,2024-09-30,生产力与业务流程 / $28.3B / 43.2%,增长来源,环比,PASS interaction,
MSFT,2024-09-30,智能云 / $24.1B / 36.7%,近 8 季收入,同比,PASS interaction,
MSFT,2024-09-30,智能云 / $24.1B / 36.7%,近 8 季收入,环比,PASS interaction,
MSFT,2024-09-30,智能云 / $24.1B / 36.7%,增长来源,同比,PASS interaction,
MSFT,2024-09-30,智能云 / $24.1B / 36.7%,增长来源,环比,PASS interaction,
MSFT,2024-09-30,更多个人计算 / $13.2B / 20.1%,近 8 季收入,同比,PASS interaction,
MSFT,2024-09-30,更多个人计算 / $13.2B / 20.1%,近 8 季收入,环比,PASS interaction,
MSFT,2024-09-30,更多个人计算 / $13.2B / 20.1%,增长来源,同比,PASS interaction,
MSFT,2024-09-30,更多个人计算 / $13.2B / 20.1%,增长来源,环比,PASS interaction,
AAPL,2026-06-27,全部业务 / $109B / 总收入 · 环比 -1.6%,近 8 季收入,同比,PASS interaction,
AAPL,2026-06-27,全部业务 / $109B / 总收入 · 环比 -1.6%,近 8 季收入,环比,PASS interaction,
AAPL,2026-06-27,全部业务 / $109B / 总收入 · 环比 -1.6%,增长来源,同比,PASS interaction,
AAPL,2026-06-27,全部业务 / $109B / 总收入 · 环比 -1.6%,增长来源,环比,PASS interaction,
AAPL,2026-06-27,美洲 / $45.8B / 41.8% · 环比 +1.5%,近 8 季收入,同比,PASS interaction,
AAPL,2026-06-27,美洲 / $45.8B / 41.8% · 环比 +1.5%,近 8 季收入,环比,PASS interaction,
AAPL,2026-06-27,美洲 / $45.8B / 41.8% · 环比 +1.5%,增长来源,同比,PASS interaction,
AAPL,2026-06-27,美洲 / $45.8B / 41.8% · 环比 +1.5%,增长来源,环比,PASS interaction,
AAPL,2026-06-27,欧洲 / $29.4B / 26.9% · 环比 +4.8%,近 8 季收入,同比,PASS interaction,
AAPL,2026-06-27,欧洲 / $29.4B / 26.9% · 环比 +4.8%,近 8 季收入,环比,PASS interaction,
AAPL,2026-06-27,欧洲 / $29.4B / 26.9% · 环比 +4.8%,增长来源,同比,PASS interaction,
AAPL,2026-06-27,欧洲 / $29.4B / 26.9% · 环比 +4.8%,增长来源,环比,PASS interaction,
AAPL,2026-06-27,大中华区 / $18.8B / 17.2% · 环比 -8.2%,近 8 季收入,同比,PASS interaction,
AAPL,2026-06-27,大中华区 / $18.8B / 17.2% · 环比 -8.2%,近 8 季收入,环比,PASS interaction,
AAPL,2026-06-27,大中华区 / $18.8B / 17.2% · 环比 -8.2%,增长来源,同比,PASS interaction,
AAPL,2026-06-27,大中华区 / $18.8B / 17.2% · 环比 -8.2%,增长来源,环比,PASS interaction,
AAPL,2026-06-27,日本 / $6.6B / 6.0% · 环比 -22.0%,近 8 季收入,同比,PASS interaction,
AAPL,2026-06-27,日本 / $6.6B / 6.0% · 环比 -22.0%,近 8 季收入,环比,PASS interaction,
AAPL,2026-06-27,日本 / $6.6B / 6.0% · 环比 -22.0%,增长来源,同比,PASS interaction,
AAPL,2026-06-27,日本 / $6.6B / 6.0% · 环比 -22.0%,增长来源,环比,PASS interaction,
AAPL,2026-06-27,亚太其他地区 / $8.9B / 8.1% · 环比 -2.9%,近 8 季收入,同比,PASS interaction,
AAPL,2026-06-27,亚太其他地区 / $8.9B / 8.1% · 环比 -2.9%,近 8 季收入,环比,PASS interaction,
AAPL,2026-06-27,亚太其他地区 / $8.9B / 8.1% · 环比 -2.9%,增长来源,同比,PASS interaction,
AAPL,2026-06-27,亚太其他地区 / $8.9B / 8.1% · 环比 -2.9%,增长来源,环比,PASS interaction,
AAPL,2026-03-28,全部业务 / $111B / 总收入 · 环比 -22.7%,近 8 季收入,同比,PASS interaction,
AAPL,2026-03-28,全部业务 / $111B / 总收入 · 环比 -22.7%,近 8 季收入,环比,PASS interaction,
AAPL,2026-03-28,全部业务 / $111B / 总收入 · 环比 -22.7%,增长来源,同比,PASS interaction,
AAPL,2026-03-28,全部业务 / $111B / 总收入 · 环比 -22.7%,增长来源,环比,PASS interaction,
AAPL,2026-03-28,美洲 / $45.1B / 40.6% · 环比 -23.0%,近 8 季收入,同比,PASS interaction,
AAPL,2026-03-28,美洲 / $45.1B / 40.6% · 环比 -23.0%,近 8 季收入,环比,PASS interaction,
AAPL,2026-03-28,美洲 / $45.1B / 40.6% · 环比 -23.0%,增长来源,同比,PASS interaction,
AAPL,2026-03-28,美洲 / $45.1B / 40.6% · 环比 -23.0%,增长来源,环比,PASS interaction,
AAPL,2026-03-28,欧洲 / $28.1B / 25.2% · 环比 -26.5%,近 8 季收入,同比,PASS interaction,
AAPL,2026-03-28,欧洲 / $28.1B / 25.2% · 环比 -26.5%,近 8 季收入,环比,PASS interaction,
AAPL,2026-03-28,欧洲 / $28.1B / 25.2% · 环比 -26.5%,增长来源,同比,PASS interaction,
AAPL,2026-03-28,欧洲 / $28.1B / 25.2% · 环比 -26.5%,增长来源,环比,PASS interaction,
AAPL,2026-03-28,大中华区 / $20.5B / 18.4% · 环比 -19.7%,近 8 季收入,同比,PASS interaction,
AAPL,2026-03-28,大中华区 / $20.5B / 18.4% · 环比 -19.7%,近 8 季收入,环比,PASS interaction,
AAPL,2026-03-28,大中华区 / $20.5B / 18.4% · 环比 -19.7%,增长来源,同比,PASS interaction,
AAPL,2026-03-28,大中华区 / $20.5B / 18.4% · 环比 -19.7%,增长来源,环比,PASS interaction,
AAPL,2026-03-28,日本 / $8.4B / 7.6% · 环比 -10.8%,近 8 季收入,同比,PASS interaction,
AAPL,2026-03-28,日本 / $8.4B / 7.6% · 环比 -10.8%,近 8 季收入,环比,PASS interaction,
AAPL,2026-03-28,日本 / $8.4B / 7.6% · 环比 -10.8%,增长来源,同比,PASS interaction,
AAPL,2026-03-28,日本 / $8.4B / 7.6% · 环比 -10.8%,增长来源,环比,PASS interaction,
AAPL,2026-03-28,亚太其他地区 / $9.1B / 8.2% · 环比 -24.7%,近 8 季收入,同比,PASS interaction,
AAPL,2026-03-28,亚太其他地区 / $9.1B / 8.2% · 环比 -24.7%,近 8 季收入,环比,PASS interaction,
AAPL,2026-03-28,亚太其他地区 / $9.1B / 8.2% · 环比 -24.7%,增长来源,同比,PASS interaction,
AAPL,2026-03-28,亚太其他地区 / $9.1B / 8.2% · 环比 -24.7%,增长来源,环比,PASS interaction,
AAPL,2025-12-27,全部业务 / $144B / 总收入 · 环比 不可比,近 8 季收入,同比,PASS interaction,
AAPL,2025-12-27,全部业务 / $144B / 总收入 · 环比 不可比,近 8 季收入,环比,PASS interaction,
AAPL,2025-12-27,全部业务 / $144B / 总收入 · 环比 不可比,增长来源,同比,PASS interaction,
AAPL,2025-12-27,全部业务 / $144B / 总收入 · 环比 不可比,增长来源,环比,PASS interaction,
AAPL,2025-12-27,美洲 / $58.5B / 40.7%,近 8 季收入,同比,PASS interaction,
AAPL,2025-12-27,美洲 / $58.5B / 40.7%,近 8 季收入,环比,PASS interaction,
AAPL,2025-12-27,美洲 / $58.5B / 40.7%,增长来源,同比,PASS interaction,
AAPL,2025-12-27,美洲 / $58.5B / 40.7%,增长来源,环比,PASS interaction,
AAPL,2025-12-27,欧洲 / $38.1B / 26.5%,近 8 季收入,同比,PASS interaction,
AAPL,2025-12-27,欧洲 / $38.1B / 26.5%,近 8 季收入,环比,PASS interaction,
AAPL,2025-12-27,欧洲 / $38.1B / 26.5%,增长来源,同比,PASS interaction,
AAPL,2025-12-27,欧洲 / $38.1B / 26.5%,增长来源,环比,PASS interaction,
AAPL,2025-12-27,大中华区 / $25.5B / 17.8%,近 8 季收入,同比,PASS interaction,
AAPL,2025-12-27,大中华区 / $25.5B / 17.8%,近 8 季收入,环比,PASS interaction,
AAPL,2025-12-27,大中华区 / $25.5B / 17.8%,增长来源,同比,PASS interaction,
AAPL,2025-12-27,大中华区 / $25.5B / 17.8%,增长来源,环比,PASS interaction,
AAPL,2025-12-27,日本 / $9.4B / 6.5%,近 8 季收入,同比,PASS interaction,
AAPL,2025-12-27,日本 / $9.4B / 6.5%,近 8 季收入,环比,PASS interaction,
AAPL,2025-12-27,日本 / $9.4B / 6.5%,增长来源,同比,PASS interaction,
AAPL,2025-12-27,日本 / $9.4B / 6.5%,增长来源,环比,PASS interaction,
AAPL,2025-12-27,亚太其他地区 / $12.1B / 8.4%,近 8 季收入,同比,PASS interaction,
AAPL,2025-12-27,亚太其他地区 / $12.1B / 8.4%,近 8 季收入,环比,PASS interaction,
AAPL,2025-12-27,亚太其他地区 / $12.1B / 8.4%,增长来源,同比,PASS interaction,
AAPL,2025-12-27,亚太其他地区 / $12.1B / 8.4%,增长来源,环比,PASS interaction,
AAPL,2025-06-28,全部业务 / $94.0B / 总收入 · 环比 -1.4%,近 8 季收入,同比,PASS interaction,
AAPL,2025-06-28,全部业务 / $94.0B / 总收入 · 环比 -1.4%,近 8 季收入,环比,PASS interaction,
AAPL,2025-06-28,全部业务 / $94.0B / 总收入 · 环比 -1.4%,增长来源,同比,PASS interaction,
AAPL,2025-06-28,全部业务 / $94.0B / 总收入 · 环比 -1.4%,增长来源,环比,PASS interaction,
AAPL,2025-06-28,美洲 / $41.2B / 43.8% · 环比 +2.2%,近 8 季收入,同比,PASS interaction,
AAPL,2025-06-28,美洲 / $41.2B / 43.8% · 环比 +2.2%,近 8 季收入,环比,PASS interaction,
AAPL,2025-06-28,美洲 / $41.2B / 43.8% · 环比 +2.2%,增长来源,同比,PASS interaction,
AAPL,2025-06-28,美洲 / $41.2B / 43.8% · 环比 +2.2%,增长来源,环比,PASS interaction,
AAPL,2025-06-28,欧洲 / $24.0B / 25.5% · 环比 -1.8%,近 8 季收入,同比,PASS interaction,
AAPL,2025-06-28,欧洲 / $24.0B / 25.5% · 环比 -1.8%,近 8 季收入,环比,PASS interaction,
AAPL,2025-06-28,欧洲 / $24.0B / 25.5% · 环比 -1.8%,增长来源,同比,PASS interaction,
AAPL,2025-06-28,欧洲 / $24.0B / 25.5% · 环比 -1.8%,增长来源,环比,PASS interaction,
AAPL,2025-06-28,大中华区 / $15.4B / 16.3% · 环比 -4.0%,近 8 季收入,同比,PASS interaction,
AAPL,2025-06-28,大中华区 / $15.4B / 16.3% · 环比 -4.0%,近 8 季收入,环比,PASS interaction,
AAPL,2025-06-28,大中华区 / $15.4B / 16.3% · 环比 -4.0%,增长来源,同比,PASS interaction,
AAPL,2025-06-28,大中华区 / $15.4B / 16.3% · 环比 -4.0%,增长来源,环比,PASS interaction,
AAPL,2025-06-28,日本 / $5.8B / 6.1% · 环比 -20.8%,近 8 季收入,同比,PASS interaction,
AAPL,2025-06-28,日本 / $5.8B / 6.1% · 环比 -20.8%,近 8 季收入,环比,PASS interaction,
AAPL,2025-06-28,日本 / $5.8B / 6.1% · 环比 -20.8%,增长来源,同比,PASS interaction,
AAPL,2025-06-28,日本 / $5.8B / 6.1% · 环比 -20.8%,增长来源,环比,PASS interaction,
AAPL,2025-06-28,亚太其他地区 / $7.7B / 8.2% · 环比 +5.3%,近 8 季收入,同比,PASS interaction,
AAPL,2025-06-28,亚太其他地区 / $7.7B / 8.2% · 环比 +5.3%,近 8 季收入,环比,PASS interaction,
AAPL,2025-06-28,亚太其他地区 / $7.7B / 8.2% · 环比 +5.3%,增长来源,同比,PASS interaction,
AAPL,2025-06-28,亚太其他地区 / $7.7B / 8.2% · 环比 +5.3%,增长来源,环比,PASS interaction,
AAPL,2025-03-29,全部业务 / $95.4B / 总收入 · 环比 -23.3%,近 8 季收入,同比,PASS interaction,
AAPL,2025-03-29,全部业务 / $95.4B / 总收入 · 环比 -23.3%,近 8 季收入,环比,PASS interaction,
AAPL,2025-03-29,全部业务 / $95.4B / 总收入 · 环比 -23.3%,增长来源,同比,PASS interaction,
AAPL,2025-03-29,全部业务 / $95.4B / 总收入 · 环比 -23.3%,增长来源,环比,PASS interaction,
AAPL,2025-03-29,美洲 / $40.3B / 42.3%,近 8 季收入,同比,PASS interaction,
AAPL,2025-03-29,美洲 / $40.3B / 42.3%,近 8 季收入,环比,PASS interaction,
AAPL,2025-03-29,美洲 / $40.3B / 42.3%,增长来源,同比,PASS interaction,
AAPL,2025-03-29,美洲 / $40.3B / 42.3%,增长来源,环比,PASS interaction,
AAPL,2025-03-29,欧洲 / $24.5B / 25.6%,近 8 季收入,同比,PASS interaction,
AAPL,2025-03-29,欧洲 / $24.5B / 25.6%,近 8 季收入,环比,PASS interaction,
AAPL,2025-03-29,欧洲 / $24.5B / 25.6%,增长来源,同比,PASS interaction,
AAPL,2025-03-29,欧洲 / $24.5B / 25.6%,增长来源,环比,PASS interaction,
AAPL,2025-03-29,大中华区 / $16.0B / 16.8%,近 8 季收入,同比,PASS interaction,
AAPL,2025-03-29,大中华区 / $16.0B / 16.8%,近 8 季收入,环比,PASS interaction,
AAPL,2025-03-29,大中华区 / $16.0B / 16.8%,增长来源,同比,PASS interaction,
AAPL,2025-03-29,大中华区 / $16.0B / 16.8%,增长来源,环比,PASS interaction,
AAPL,2025-03-29,日本 / $7.3B / 7.7%,近 8 季收入,同比,PASS interaction,
AAPL,2025-03-29,日本 / $7.3B / 7.7%,近 8 季收入,环比,PASS interaction,
AAPL,2025-03-29,日本 / $7.3B / 7.7%,增长来源,同比,PASS interaction,
AAPL,2025-03-29,日本 / $7.3B / 7.7%,增长来源,环比,PASS interaction,
AAPL,2025-03-29,亚太其他地区 / $7.3B / 7.6%,近 8 季收入,同比,PASS interaction,
AAPL,2025-03-29,亚太其他地区 / $7.3B / 7.6%,近 8 季收入,环比,PASS interaction,
AAPL,2025-03-29,亚太其他地区 / $7.3B / 7.6%,增长来源,同比,PASS interaction,
AAPL,2025-03-29,亚太其他地区 / $7.3B / 7.6%,增长来源,环比,PASS interaction,
AAPL,2024-12-28,全部业务 / $124B / 总收入 · 环比 不可比,近 8 季收入,同比,PASS interaction,
AAPL,2024-12-28,全部业务 / $124B / 总收入 · 环比 不可比,近 8 季收入,环比,PASS interaction,
AAPL,2024-12-28,全部业务 / $124B / 总收入 · 环比 不可比,增长来源,同比,PASS interaction,
AAPL,2024-12-28,全部业务 / $124B / 总收入 · 环比 不可比,增长来源,环比,PASS interaction,
AAPL,2024-12-28,美洲 / $52.6B / 42.4%,近 8 季收入,同比,PASS interaction,
AAPL,2024-12-28,美洲 / $52.6B / 42.4%,近 8 季收入,环比,PASS interaction,
AAPL,2024-12-28,美洲 / $52.6B / 42.4%,增长来源,同比,PASS interaction,
AAPL,2024-12-28,美洲 / $52.6B / 42.4%,增长来源,环比,PASS interaction,
AAPL,2024-12-28,欧洲 / $33.9B / 27.2%,近 8 季收入,同比,PASS interaction,
AAPL,2024-12-28,欧洲 / $33.9B / 27.2%,近 8 季收入,环比,PASS interaction,
AAPL,2024-12-28,欧洲 / $33.9B / 27.2%,增长来源,同比,PASS interaction,
AAPL,2024-12-28,欧洲 / $33.9B / 27.2%,增长来源,环比,PASS interaction,
AAPL,2024-12-28,大中华区 / $18.5B / 14.9%,近 8 季收入,同比,PASS interaction,
AAPL,2024-12-28,大中华区 / $18.5B / 14.9%,近 8 季收入,环比,PASS interaction,
AAPL,2024-12-28,大中华区 / $18.5B / 14.9%,增长来源,同比,PASS interaction,
AAPL,2024-12-28,大中华区 / $18.5B / 14.9%,增长来源,环比,PASS interaction,
AAPL,2024-12-28,日本 / $9.0B / 7.2%,近 8 季收入,同比,PASS interaction,
AAPL,2024-12-28,日本 / $9.0B / 7.2%,近 8 季收入,环比,PASS interaction,
AAPL,2024-12-28,日本 / $9.0B / 7.2%,增长来源,同比,PASS interaction,
AAPL,2024-12-28,日本 / $9.0B / 7.2%,增长来源,环比,PASS interaction,
AAPL,2024-12-28,亚太其他地区 / $10.3B / 8.3%,近 8 季收入,同比,PASS interaction,
AAPL,2024-12-28,亚太其他地区 / $10.3B / 8.3%,近 8 季收入,环比,PASS interaction,
AAPL,2024-12-28,亚太其他地区 / $10.3B / 8.3%,增长来源,同比,PASS interaction,
AAPL,2024-12-28,亚太其他地区 / $10.3B / 8.3%,增长来源,环比,PASS interaction,
AAPL,2024-06-29,全部业务 / $85.8B / 总收入 · 环比 不可比,近 8 季收入,同比,PASS interaction,
AAPL,2024-06-29,全部业务 / $85.8B / 总收入 · 环比 不可比,近 8 季收入,环比,PASS interaction,
AAPL,2024-06-29,全部业务 / $85.8B / 总收入 · 环比 不可比,增长来源,同比,PASS interaction,
AAPL,2024-06-29,全部业务 / $85.8B / 总收入 · 环比 不可比,增长来源,环比,PASS interaction,
AAPL,2024-06-29,美洲 / $37.7B / 43.9%,近 8 季收入,同比,PASS interaction,
AAPL,2024-06-29,美洲 / $37.7B / 43.9%,近 8 季收入,环比,PASS interaction,
AAPL,2024-06-29,美洲 / $37.7B / 43.9%,增长来源,同比,PASS interaction,
AAPL,2024-06-29,美洲 / $37.7B / 43.9%,增长来源,环比,PASS interaction,
AAPL,2024-06-29,欧洲 / $21.9B / 25.5%,近 8 季收入,同比,PASS interaction,
AAPL,2024-06-29,欧洲 / $21.9B / 25.5%,近 8 季收入,环比,PASS interaction,
AAPL,2024-06-29,欧洲 / $21.9B / 25.5%,增长来源,同比,PASS interaction,
AAPL,2024-06-29,欧洲 / $21.9B / 25.5%,增长来源,环比,PASS interaction,
AAPL,2024-06-29,大中华区 / $14.7B / 17.2%,近 8 季收入,同比,PASS interaction,
AAPL,2024-06-29,大中华区 / $14.7B / 17.2%,近 8 季收入,环比,PASS interaction,
AAPL,2024-06-29,大中华区 / $14.7B / 17.2%,增长来源,同比,PASS interaction,
AAPL,2024-06-29,大中华区 / $14.7B / 17.2%,增长来源,环比,PASS interaction,
AAPL,2024-06-29,日本 / $5.1B / 5.9%,近 8 季收入,同比,PASS interaction,
AAPL,2024-06-29,日本 / $5.1B / 5.9%,近 8 季收入,环比,PASS interaction,
AAPL,2024-06-29,日本 / $5.1B / 5.9%,增长来源,同比,PASS interaction,
AAPL,2024-06-29,日本 / $5.1B / 5.9%,增长来源,环比,PASS interaction,
AAPL,2024-06-29,亚太其他地区 / $6.4B / 7.4%,近 8 季收入,同比,PASS interaction,
AAPL,2024-06-29,亚太其他地区 / $6.4B / 7.4%,近 8 季收入,环比,PASS interaction,
AAPL,2024-06-29,亚太其他地区 / $6.4B / 7.4%,增长来源,同比,PASS interaction,
AAPL,2024-06-29,亚太其他地区 / $6.4B / 7.4%,增长来源,环比,PASS interaction,
JPM,2026-06-30,全部业务 / $57.3B / 总收入 · 环比 +15.1%,近 8 季收入,同比,PASS interaction,
JPM,2026-06-30,全部业务 / $57.3B / 总收入 · 环比 +15.1%,近 8 季收入,环比,PASS interaction,
JPM,2026-06-30,全部业务 / $57.3B / 总收入 · 环比 +15.1%,增长来源,同比,PASS interaction,
JPM,2026-06-30,全部业务 / $57.3B / 总收入 · 环比 +15.1%,增长来源,环比,PASS interaction,
JPM,2026-06-30,公司整体收入（部门拆分尚未核验） / $57.3B / 100.0% · 环比 +15.1%,近 8 季收入,同比,PASS interaction,
JPM,2026-06-30,公司整体收入（部门拆分尚未核验） / $57.3B / 100.0% · 环比 +15.1%,近 8 季收入,环比,PASS interaction,
JPM,2026-06-30,公司整体收入（部门拆分尚未核验） / $57.3B / 100.0% · 环比 +15.1%,增长来源,同比,PASS interaction,
JPM,2026-06-30,公司整体收入（部门拆分尚未核验） / $57.3B / 100.0% · 环比 +15.1%,增长来源,环比,PASS interaction,
JPM,2026-03-31,全部业务 / $49.8B / 总收入 · 环比 不可比,近 8 季收入,同比,PASS interaction,
JPM,2026-03-31,全部业务 / $49.8B / 总收入 · 环比 不可比,近 8 季收入,环比,PASS interaction,
JPM,2026-03-31,全部业务 / $49.8B / 总收入 · 环比 不可比,增长来源,同比,PASS interaction,
JPM,2026-03-31,全部业务 / $49.8B / 总收入 · 环比 不可比,增长来源,环比,PASS interaction,
JPM,2026-03-31,公司整体收入（部门拆分尚未核验） / $49.8B / 100.0%,近 8 季收入,同比,PASS interaction,
JPM,2026-03-31,公司整体收入（部门拆分尚未核验） / $49.8B / 100.0%,近 8 季收入,环比,PASS interaction,
JPM,2026-03-31,公司整体收入（部门拆分尚未核验） / $49.8B / 100.0%,增长来源,同比,PASS interaction,
JPM,2026-03-31,公司整体收入（部门拆分尚未核验） / $49.8B / 100.0%,增长来源,环比,PASS interaction,
JPM,2025-09-30,全部业务 / $46.4B / 总收入 · 环比 +3.4%,近 8 季收入,同比,PASS interaction,
JPM,2025-09-30,全部业务 / $46.4B / 总收入 · 环比 +3.4%,近 8 季收入,环比,PASS interaction,
JPM,2025-09-30,全部业务 / $46.4B / 总收入 · 环比 +3.4%,增长来源,同比,PASS interaction,
JPM,2025-09-30,全部业务 / $46.4B / 总收入 · 环比 +3.4%,增长来源,环比,PASS interaction,
JPM,2025-09-30,公司整体收入（部门拆分尚未核验） / $46.4B / 100.0% · 环比 +3.4%,近 8 季收入,同比,PASS interaction,
JPM,2025-09-30,公司整体收入（部门拆分尚未核验） / $46.4B / 100.0% · 环比 +3.4%,近 8 季收入,环比,PASS interaction,
JPM,2025-09-30,公司整体收入（部门拆分尚未核验） / $46.4B / 100.0% · 环比 +3.4%,增长来源,同比,PASS interaction,
JPM,2025-09-30,公司整体收入（部门拆分尚未核验） / $46.4B / 100.0% · 环比 +3.4%,增长来源,环比,PASS interaction,
JPM,2025-06-30,全部业务 / $44.9B / 总收入 · 环比 -0.9%,近 8 季收入,同比,PASS interaction,
JPM,2025-06-30,全部业务 / $44.9B / 总收入 · 环比 -0.9%,近 8 季收入,环比,PASS interaction,
JPM,2025-06-30,全部业务 / $44.9B / 总收入 · 环比 -0.9%,增长来源,同比,PASS interaction,
JPM,2025-06-30,全部业务 / $44.9B / 总收入 · 环比 -0.9%,增长来源,环比,PASS interaction,
JPM,2025-06-30,公司整体收入（部门拆分尚未核验） / $44.9B / 100.0% · 环比 -0.9%,近 8 季收入,同比,PASS interaction,
JPM,2025-06-30,公司整体收入（部门拆分尚未核验） / $44.9B / 100.0% · 环比 -0.9%,近 8 季收入,环比,PASS interaction,
JPM,2025-06-30,公司整体收入（部门拆分尚未核验） / $44.9B / 100.0% · 环比 -0.9%,增长来源,同比,PASS interaction,
JPM,2025-06-30,公司整体收入（部门拆分尚未核验） / $44.9B / 100.0% · 环比 -0.9%,增长来源,环比,PASS interaction,
JPM,2025-03-31,全部业务 / $45.3B / 总收入 · 环比 不可比,近 8 季收入,同比,PASS interaction,
JPM,2025-03-31,全部业务 / $45.3B / 总收入 · 环比 不可比,近 8 季收入,环比,PASS interaction,
JPM,2025-03-31,全部业务 / $45.3B / 总收入 · 环比 不可比,增长来源,同比,PASS interaction,
JPM,2025-03-31,全部业务 / $45.3B / 总收入 · 环比 不可比,增长来源,环比,PASS interaction,
JPM,2025-03-31,公司整体收入（部门拆分尚未核验） / $45.3B / 100.0%,近 8 季收入,同比,PASS interaction,
JPM,2025-03-31,公司整体收入（部门拆分尚未核验） / $45.3B / 100.0%,近 8 季收入,环比,PASS interaction,
JPM,2025-03-31,公司整体收入（部门拆分尚未核验） / $45.3B / 100.0%,增长来源,同比,PASS interaction,
JPM,2025-03-31,公司整体收入（部门拆分尚未核验） / $45.3B / 100.0%,增长来源,环比,PASS interaction,
JPM,2024-09-30,全部业务 / $42.7B / 总收入 · 环比 不可比,近 8 季收入,同比,PASS interaction,
JPM,2024-09-30,全部业务 / $42.7B / 总收入 · 环比 不可比,近 8 季收入,环比,PASS interaction,
JPM,2024-09-30,全部业务 / $42.7B / 总收入 · 环比 不可比,增长来源,同比,PASS interaction,
JPM,2024-09-30,全部业务 / $42.7B / 总收入 · 环比 不可比,增长来源,环比,PASS interaction,
JPM,2024-09-30,公司整体收入（部门拆分尚未核验） / $42.7B / 100.0%,近 8 季收入,同比,PASS interaction,
JPM,2024-09-30,公司整体收入（部门拆分尚未核验） / $42.7B / 100.0%,近 8 季收入,环比,PASS interaction,
JPM,2024-09-30,公司整体收入（部门拆分尚未核验） / $42.7B / 100.0%,增长来源,同比,PASS interaction,
JPM,2024-09-30,公司整体收入（部门拆分尚未核验） / $42.7B / 100.0%,增长来源,环比,PASS interaction,
BRK.B,2026-06-30,全部业务 / $102B / 总收入 · 环比 +8.7%,近 8 季收入,同比,PASS interaction,
BRK.B,2026-06-30,全部业务 / $102B / 总收入 · 环比 +8.7%,近 8 季收入,环比,PASS interaction,
BRK.B,2026-06-30,全部业务 / $102B / 总收入 · 环比 +8.7%,增长来源,同比,PASS interaction,
BRK.B,2026-06-30,全部业务 / $102B / 总收入 · 环比 +8.7%,增长来源,环比,PASS interaction,
BRK.B,2026-06-30,BerkshireHathawayInsuranceGroup / $26.2B / 25.9% · 抵销前 · 环比 +3.4%,近 8 季收入,同比,PASS interaction,
BRK.B,2026-06-30,BerkshireHathawayInsuranceGroup / $26.2B / 25.9% · 抵销前 · 环比 +3.4%,近 8 季收入,环比,PASS interaction,
BRK.B,2026-06-30,BerkshireHathawayInsuranceGroup / $26.2B / 25.9% · 抵销前 · 环比 +3.4%,增长来源,同比,PASS interaction,
BRK.B,2026-06-30,BerkshireHathawayInsuranceGroup / $26.2B / 25.9% · 抵销前 · 环比 +3.4%,增长来源,环比,PASS interaction,
BRK.B,2026-06-30,BNSF 铁路 / $6.6B / 6.5% · 抵销前 · 环比 +10.1%,近 8 季收入,同比,PASS interaction,
BRK.B,2026-06-30,BNSF 铁路 / $6.6B / 6.5% · 抵销前 · 环比 +10.1%,近 8 季收入,环比,PASS interaction,
BRK.B,2026-06-30,BNSF 铁路 / $6.6B / 6.5% · 抵销前 · 环比 +10.1%,增长来源,同比,PASS interaction,
BRK.B,2026-06-30,BNSF 铁路 / $6.6B / 6.5% · 抵销前 · 环比 +10.1%,增长来源,环比,PASS interaction,
BRK.B,2026-06-30,伯克希尔能源 / $6.7B / 6.7% · 抵销前 · 环比 +1.1%,近 8 季收入,同比,PASS interaction,
BRK.B,2026-06-30,伯克希尔能源 / $6.7B / 6.7% · 抵销前 · 环比 +1.1%,近 8 季收入,环比,PASS interaction,
BRK.B,2026-06-30,伯克希尔能源 / $6.7B / 6.7% · 抵销前 · 环比 +1.1%,增长来源,同比,PASS interaction,
BRK.B,2026-06-30,伯克希尔能源 / $6.7B / 6.7% · 抵销前 · 环比 +1.1%,增长来源,环比,PASS interaction,
BRK.B,2026-06-30,制造业务 / $22.6B / 22.3% · 抵销前 · 环比 +9.2%,近 8 季收入,同比,PASS interaction,
BRK.B,2026-06-30,制造业务 / $22.6B / 22.3% · 抵销前 · 环比 +9.2%,近 8 季收入,环比,PASS interaction,
BRK.B,2026-06-30,制造业务 / $22.6B / 22.3% · 抵销前 · 环比 +9.2%,增长来源,同比,PASS interaction,
BRK.B,2026-06-30,制造业务 / $22.6B / 22.3% · 抵销前 · 环比 +9.2%,增长来源,环比,PASS interaction,
BRK.B,2026-06-30,服务与零售 / $11.9B / 11.8% · 抵销前 · 环比 +8.1%,近 8 季收入,同比,PASS interaction,
BRK.B,2026-06-30,服务与零售 / $11.9B / 11.8% · 抵销前 · 环比 +8.1%,近 8 季收入,环比,PASS interaction,
BRK.B,2026-06-30,服务与零售 / $11.9B / 11.8% · 抵销前 · 环比 +8.1%,增长来源,同比,PASS interaction,
BRK.B,2026-06-30,服务与零售 / $11.9B / 11.8% · 抵销前 · 环比 +8.1%,增长来源,环比,PASS interaction,
BRK.B,2026-06-30,McLane / $12.1B / 12.0% · 抵销前 · 环比 +1.5%,近 8 季收入,同比,PASS interaction,
BRK.B,2026-06-30,McLane / $12.1B / 12.0% · 抵销前 · 环比 +1.5%,近 8 季收入,环比,PASS interaction,
BRK.B,2026-06-30,McLane / $12.1B / 12.0% · 抵销前 · 环比 +1.5%,增长来源,同比,PASS interaction,
BRK.B,2026-06-30,McLane / $12.1B / 12.0% · 抵销前 · 环比 +1.5%,增长来源,环比,PASS interaction,
BRK.B,2026-06-30,Pilot 旅行中心 / $14.9B / 14.8% · 抵销前 · 环比 +32.8%,近 8 季收入,同比,PASS interaction,
BRK.B,2026-06-30,Pilot 旅行中心 / $14.9B / 14.8% · 抵销前 · 环比 +32.8%,近 8 季收入,环比,PASS interaction,
BRK.B,2026-06-30,Pilot 旅行中心 / $14.9B / 14.8% · 抵销前 · 环比 +32.8%,增长来源,同比,PASS interaction,
BRK.B,2026-06-30,Pilot 旅行中心 / $14.9B / 14.8% · 抵销前 · 环比 +32.8%,增长来源,环比,PASS interaction,
BRK.B,2026-03-31,全部业务 / $93.7B / 总收入 · 环比 不可比,近 8 季收入,同比,PASS interaction,
BRK.B,2026-03-31,全部业务 / $93.7B / 总收入 · 环比 不可比,近 8 季收入,环比,PASS interaction,
BRK.B,2026-03-31,全部业务 / $93.7B / 总收入 · 环比 不可比,增长来源,同比,PASS interaction,
BRK.B,2026-03-31,全部业务 / $93.7B / 总收入 · 环比 不可比,增长来源,环比,PASS interaction,
BRK.B,2026-03-31,BerkshireHathawayInsuranceGroup / $25.3B / 27.3% · 抵销前,近 8 季收入,同比,PASS interaction,
BRK.B,2026-03-31,BerkshireHathawayInsuranceGroup / $25.3B / 27.3% · 抵销前,近 8 季收入,环比,PASS interaction,
BRK.B,2026-03-31,BerkshireHathawayInsuranceGroup / $25.3B / 27.3% · 抵销前,增长来源,同比,PASS interaction,
BRK.B,2026-03-31,BerkshireHathawayInsuranceGroup / $25.3B / 27.3% · 抵销前,增长来源,环比,PASS interaction,
BRK.B,2026-03-31,BNSF 铁路 / $6.0B / 6.5% · 抵销前,近 8 季收入,同比,PASS interaction,
BRK.B,2026-03-31,BNSF 铁路 / $6.0B / 6.5% · 抵销前,近 8 季收入,环比,PASS interaction,
BRK.B,2026-03-31,BNSF 铁路 / $6.0B / 6.5% · 抵销前,增长来源,同比,PASS interaction,
BRK.B,2026-03-31,BNSF 铁路 / $6.0B / 6.5% · 抵销前,增长来源,环比,PASS interaction,
BRK.B,2026-03-31,伯克希尔能源 / $6.7B / 7.2% · 抵销前,近 8 季收入,同比,PASS interaction,
BRK.B,2026-03-31,伯克希尔能源 / $6.7B / 7.2% · 抵销前,近 8 季收入,环比,PASS interaction,
BRK.B,2026-03-31,伯克希尔能源 / $6.7B / 7.2% · 抵销前,增长来源,同比,PASS interaction,
BRK.B,2026-03-31,伯克希尔能源 / $6.7B / 7.2% · 抵销前,增长来源,环比,PASS interaction,
BRK.B,2026-03-31,制造业务 / $20.7B / 22.3% · 抵销前,近 8 季收入,同比,PASS interaction,
BRK.B,2026-03-31,制造业务 / $20.7B / 22.3% · 抵销前,近 8 季收入,环比,PASS interaction,
BRK.B,2026-03-31,制造业务 / $20.7B / 22.3% · 抵销前,增长来源,同比,PASS interaction,
BRK.B,2026-03-31,制造业务 / $20.7B / 22.3% · 抵销前,增长来源,环比,PASS interaction,
BRK.B,2026-03-31,服务与零售 / $11.0B / 11.8% · 抵销前,近 8 季收入,同比,PASS interaction,
BRK.B,2026-03-31,服务与零售 / $11.0B / 11.8% · 抵销前,近 8 季收入,环比,PASS interaction,
BRK.B,2026-03-31,服务与零售 / $11.0B / 11.8% · 抵销前,增长来源,同比,PASS interaction,
BRK.B,2026-03-31,服务与零售 / $11.0B / 11.8% · 抵销前,增长来源,环比,PASS interaction,
BRK.B,2026-03-31,McLane / $11.9B / 12.9% · 抵销前,近 8 季收入,同比,PASS interaction,
BRK.B,2026-03-31,McLane / $11.9B / 12.9% · 抵销前,近 8 季收入,环比,PASS interaction,
BRK.B,2026-03-31,McLane / $11.9B / 12.9% · 抵销前,增长来源,同比,PASS interaction,
BRK.B,2026-03-31,McLane / $11.9B / 12.9% · 抵销前,增长来源,环比,PASS interaction,
BRK.B,2026-03-31,Pilot 旅行中心 / $11.2B / 12.1% · 抵销前,近 8 季收入,同比,PASS interaction,
BRK.B,2026-03-31,Pilot 旅行中心 / $11.2B / 12.1% · 抵销前,近 8 季收入,环比,PASS interaction,
BRK.B,2026-03-31,Pilot 旅行中心 / $11.2B / 12.1% · 抵销前,增长来源,同比,PASS interaction,
BRK.B,2026-03-31,Pilot 旅行中心 / $11.2B / 12.1% · 抵销前,增长来源,环比,PASS interaction,
BRK.B,2025-06-30,全部业务 / $92.5B / 总收入 · 环比 +3.1%,近 8 季收入,同比,PASS interaction,
BRK.B,2025-06-30,全部业务 / $92.5B / 总收入 · 环比 +3.1%,近 8 季收入,环比,PASS interaction,
BRK.B,2025-06-30,全部业务 / $92.5B / 总收入 · 环比 +3.1%,增长来源,同比,PASS interaction,
BRK.B,2025-06-30,全部业务 / $92.5B / 总收入 · 环比 +3.1%,增长来源,环比,PASS interaction,
BRK.B,2025-06-30,BerkshireHathawayInsuranceGroup / $26.2B / 28.6% · 抵销前 · 环比 +3.4%,近 8 季收入,同比,PASS interaction,
BRK.B,2025-06-30,BerkshireHathawayInsuranceGroup / $26.2B / 28.6% · 抵销前 · 环比 +3.4%,近 8 季收入,环比,PASS interaction,
BRK.B,2025-06-30,BerkshireHathawayInsuranceGroup / $26.2B / 28.6% · 抵销前 · 环比 +3.4%,增长来源,同比,PASS interaction,
BRK.B,2025-06-30,BerkshireHathawayInsuranceGroup / $26.2B / 28.6% · 抵销前 · 环比 +3.4%,增长来源,环比,PASS interaction,
BRK.B,2025-06-30,BNSF 铁路 / $5.8B / 6.3% · 抵销前 · 环比 +0.9%,近 8 季收入,同比,PASS interaction,
BRK.B,2025-06-30,BNSF 铁路 / $5.8B / 6.3% · 抵销前 · 环比 +0.9%,近 8 季收入,环比,PASS interaction,
BRK.B,2025-06-30,BNSF 铁路 / $5.8B / 6.3% · 抵销前 · 环比 +0.9%,增长来源,同比,PASS interaction,
BRK.B,2025-06-30,BNSF 铁路 / $5.8B / 6.3% · 抵销前 · 环比 +0.9%,增长来源,环比,PASS interaction,
BRK.B,2025-06-30,伯克希尔能源 / $6.4B / 7.0% · 抵销前 · 环比 +1.0%,近 8 季收入,同比,PASS interaction,
BRK.B,2025-06-30,伯克希尔能源 / $6.4B / 7.0% · 抵销前 · 环比 +1.0%,近 8 季收入,环比,PASS interaction,
BRK.B,2025-06-30,伯克希尔能源 / $6.4B / 7.0% · 抵销前 · 环比 +1.0%,增长来源,同比,PASS interaction,
BRK.B,2025-06-30,伯克希尔能源 / $6.4B / 7.0% · 抵销前 · 环比 +1.0%,增长来源,环比,PASS interaction,
BRK.B,2025-06-30,制造业务 / $20.0B / 21.8% · 抵销前 · 环比 +6.4%,近 8 季收入,同比,PASS interaction,
BRK.B,2025-06-30,制造业务 / $20.0B / 21.8% · 抵销前 · 环比 +6.4%,近 8 季收入,环比,PASS interaction,
BRK.B,2025-06-30,制造业务 / $20.0B / 21.8% · 抵销前 · 环比 +6.4%,增长来源,同比,PASS interaction,
BRK.B,2025-06-30,制造业务 / $20.0B / 21.8% · 抵销前 · 环比 +6.4%,增长来源,环比,PASS interaction,
BRK.B,2025-06-30,服务与零售 / $10.7B / 11.6% · 抵销前 · 环比 +5.4%,近 8 季收入,同比,PASS interaction,
BRK.B,2025-06-30,服务与零售 / $10.7B / 11.6% · 抵销前 · 环比 +5.4%,近 8 季收入,环比,PASS interaction,
BRK.B,2025-06-30,服务与零售 / $10.7B / 11.6% · 抵销前 · 环比 +5.4%,增长来源,同比,PASS interaction,
BRK.B,2025-06-30,服务与零售 / $10.7B / 11.6% · 抵销前 · 环比 +5.4%,增长来源,环比,PASS interaction,
BRK.B,2025-06-30,McLane / $12.6B / 13.7% · 抵销前 · 环比 +3.5%,近 8 季收入,同比,PASS interaction,
BRK.B,2025-06-30,McLane / $12.6B / 13.7% · 抵销前 · 环比 +3.5%,近 8 季收入,环比,PASS interaction,
BRK.B,2025-06-30,McLane / $12.6B / 13.7% · 抵销前 · 环比 +3.5%,增长来源,同比,PASS interaction,
BRK.B,2025-06-30,McLane / $12.6B / 13.7% · 抵销前 · 环比 +3.5%,增长来源,环比,PASS interaction,
BRK.B,2025-06-30,Pilot 旅行中心 / $10.1B / 11.0% · 抵销前 · 环比 -3.1%,近 8 季收入,同比,PASS interaction,
BRK.B,2025-06-30,Pilot 旅行中心 / $10.1B / 11.0% · 抵销前 · 环比 -3.1%,近 8 季收入,环比,PASS interaction,
BRK.B,2025-06-30,Pilot 旅行中心 / $10.1B / 11.0% · 抵销前 · 环比 -3.1%,增长来源,同比,PASS interaction,
BRK.B,2025-06-30,Pilot 旅行中心 / $10.1B / 11.0% · 抵销前 · 环比 -3.1%,增长来源,环比,PASS interaction,
BRK.B,2025-03-31,全部业务 / $89.7B / 总收入 · 环比 不可比,近 8 季收入,同比,PASS interaction,
BRK.B,2025-03-31,全部业务 / $89.7B / 总收入 · 环比 不可比,近 8 季收入,环比,PASS interaction,
BRK.B,2025-03-31,全部业务 / $89.7B / 总收入 · 环比 不可比,增长来源,同比,PASS interaction,
BRK.B,2025-03-31,全部业务 / $89.7B / 总收入 · 环比 不可比,增长来源,环比,PASS interaction,
BRK.B,2025-03-31,BerkshireHathawayInsuranceGroup / $25.4B / 28.5% · 抵销前,近 8 季收入,同比,PASS interaction,
BRK.B,2025-03-31,BerkshireHathawayInsuranceGroup / $25.4B / 28.5% · 抵销前,近 8 季收入,环比,PASS interaction,
BRK.B,2025-03-31,BerkshireHathawayInsuranceGroup / $25.4B / 28.5% · 抵销前,增长来源,同比,PASS interaction,
BRK.B,2025-03-31,BerkshireHathawayInsuranceGroup / $25.4B / 28.5% · 抵销前,增长来源,环比,PASS interaction,
BRK.B,2025-03-31,BNSF 铁路 / $5.7B / 6.4% · 抵销前,近 8 季收入,同比,PASS interaction,
BRK.B,2025-03-31,BNSF 铁路 / $5.7B / 6.4% · 抵销前,近 8 季收入,环比,PASS interaction,
BRK.B,2025-03-31,BNSF 铁路 / $5.7B / 6.4% · 抵销前,增长来源,同比,PASS interaction,
BRK.B,2025-03-31,BNSF 铁路 / $5.7B / 6.4% · 抵销前,增长来源,环比,PASS interaction,
BRK.B,2025-03-31,伯克希尔能源 / $6.4B / 7.1% · 抵销前,近 8 季收入,同比,PASS interaction,
BRK.B,2025-03-31,伯克希尔能源 / $6.4B / 7.1% · 抵销前,近 8 季收入,环比,PASS interaction,
BRK.B,2025-03-31,伯克希尔能源 / $6.4B / 7.1% · 抵销前,增长来源,同比,PASS interaction,
BRK.B,2025-03-31,伯克希尔能源 / $6.4B / 7.1% · 抵销前,增长来源,环比,PASS interaction,
BRK.B,2025-03-31,制造业务 / $18.8B / 21.1% · 抵销前,近 8 季收入,同比,PASS interaction,
BRK.B,2025-03-31,制造业务 / $18.8B / 21.1% · 抵销前,近 8 季收入,环比,PASS interaction,
BRK.B,2025-03-31,制造业务 / $18.8B / 21.1% · 抵销前,增长来源,同比,PASS interaction,
BRK.B,2025-03-31,制造业务 / $18.8B / 21.1% · 抵销前,增长来源,环比,PASS interaction,
BRK.B,2025-03-31,服务与零售 / $10.1B / 11.4% · 抵销前,近 8 季收入,同比,PASS interaction,
BRK.B,2025-03-31,服务与零售 / $10.1B / 11.4% · 抵销前,近 8 季收入,环比,PASS interaction,
BRK.B,2025-03-31,服务与零售 / $10.1B / 11.4% · 抵销前,增长来源,同比,PASS interaction,
BRK.B,2025-03-31,服务与零售 / $10.1B / 11.4% · 抵销前,增长来源,环比,PASS interaction,
BRK.B,2025-03-31,McLane / $12.2B / 13.7% · 抵销前,近 8 季收入,同比,PASS interaction,
BRK.B,2025-03-31,McLane / $12.2B / 13.7% · 抵销前,近 8 季收入,环比,PASS interaction,
BRK.B,2025-03-31,McLane / $12.2B / 13.7% · 抵销前,增长来源,同比,PASS interaction,
BRK.B,2025-03-31,McLane / $12.2B / 13.7% · 抵销前,增长来源,环比,PASS interaction,
BRK.B,2025-03-31,Pilot 旅行中心 / $10.4B / 11.7% · 抵销前,近 8 季收入,同比,PASS interaction,
BRK.B,2025-03-31,Pilot 旅行中心 / $10.4B / 11.7% · 抵销前,近 8 季收入,环比,PASS interaction,
BRK.B,2025-03-31,Pilot 旅行中心 / $10.4B / 11.7% · 抵销前,增长来源,同比,PASS interaction,
BRK.B,2025-03-31,Pilot 旅行中心 / $10.4B / 11.7% · 抵销前,增长来源,环比,PASS interaction,
BRK.B,2024-09-30,全部业务 / $93.0B / 总收入 · 环比 不可比,近 8 季收入,同比,PASS interaction,
BRK.B,2024-09-30,全部业务 / $93.0B / 总收入 · 环比 不可比,近 8 季收入,环比,PASS interaction,
BRK.B,2024-09-30,全部业务 / $93.0B / 总收入 · 环比 不可比,增长来源,同比,PASS interaction,
BRK.B,2024-09-30,全部业务 / $93.0B / 总收入 · 环比 不可比,增长来源,环比,PASS interaction,
BRK.B,2024-09-30,BerkshireHathawayInsuranceGroup / $26.7B / 28.7% · 抵销前,近 8 季收入,同比,PASS interaction,
BRK.B,2024-09-30,BerkshireHathawayInsuranceGroup / $26.7B / 28.7% · 抵销前,近 8 季收入,环比,PASS interaction,
BRK.B,2024-09-30,BerkshireHathawayInsuranceGroup / $26.7B / 28.7% · 抵销前,增长来源,同比,PASS interaction,
BRK.B,2024-09-30,BerkshireHathawayInsuranceGroup / $26.7B / 28.7% · 抵销前,增长来源,环比,PASS interaction,
BRK.B,2024-09-30,BNSF 铁路 / $5.9B / 6.4% · 抵销前,近 8 季收入,同比,PASS interaction,
BRK.B,2024-09-30,BNSF 铁路 / $5.9B / 6.4% · 抵销前,近 8 季收入,环比,PASS interaction,
BRK.B,2024-09-30,BNSF 铁路 / $5.9B / 6.4% · 抵销前,增长来源,同比,PASS interaction,
BRK.B,2024-09-30,BNSF 铁路 / $5.9B / 6.4% · 抵销前,增长来源,环比,PASS interaction,
BRK.B,2024-09-30,伯克希尔能源 / $7.3B / 7.9% · 抵销前,近 8 季收入,同比,PASS interaction,
BRK.B,2024-09-30,伯克希尔能源 / $7.3B / 7.9% · 抵销前,近 8 季收入,环比,PASS interaction,
BRK.B,2024-09-30,伯克希尔能源 / $7.3B / 7.9% · 抵销前,增长来源,同比,PASS interaction,
BRK.B,2024-09-30,伯克希尔能源 / $7.3B / 7.9% · 抵销前,增长来源,环比,PASS interaction,
BRK.B,2024-09-30,Pilot 旅行中心 / $10.6B / 11.5% · 抵销前,近 8 季收入,同比,PASS interaction,
BRK.B,2024-09-30,Pilot 旅行中心 / $10.6B / 11.5% · 抵销前,近 8 季收入,环比,PASS interaction,
BRK.B,2024-09-30,Pilot 旅行中心 / $10.6B / 11.5% · 抵销前,增长来源,同比,PASS interaction,
BRK.B,2024-09-30,Pilot 旅行中心 / $10.6B / 11.5% · 抵销前,增长来源,环比,PASS interaction,
BRK.B,2024-09-30,制造业务 / $19.7B / 21.2% · 抵销前,近 8 季收入,同比,PASS interaction,
BRK.B,2024-09-30,制造业务 / $19.7B / 21.2% · 抵销前,近 8 季收入,环比,PASS interaction,
BRK.B,2024-09-30,制造业务 / $19.7B / 21.2% · 抵销前,增长来源,同比,PASS interaction,
BRK.B,2024-09-30,制造业务 / $19.7B / 21.2% · 抵销前,增长来源,环比,PASS interaction,
BRK.B,2024-09-30,McLane / $12.7B / 13.7% · 抵销前,近 8 季收入,同比,PASS interaction,
BRK.B,2024-09-30,McLane / $12.7B / 13.7% · 抵销前,近 8 季收入,环比,PASS interaction,
BRK.B,2024-09-30,McLane / $12.7B / 13.7% · 抵销前,增长来源,同比,PASS interaction,
BRK.B,2024-09-30,McLane / $12.7B / 13.7% · 抵销前,增长来源,环比,PASS interaction,
BRK.B,2024-09-30,服务与零售 / $9.8B / 10.6% · 抵销前,近 8 季收入,同比,PASS interaction,
BRK.B,2024-09-30,服务与零售 / $9.8B / 10.6% · 抵销前,近 8 季收入,环比,PASS interaction,
BRK.B,2024-09-30,服务与零售 / $9.8B / 10.6% · 抵销前,增长来源,同比,PASS interaction,
BRK.B,2024-09-30,服务与零售 / $9.8B / 10.6% · 抵销前,增长来源,环比,PASS interaction,
ADSK,2026-07-31,全部业务 / $2.0B / 总收入 · 环比 +5.8%,近 8 季收入,同比,PASS interaction,
ADSK,2026-07-31,全部业务 / $2.0B / 总收入 · 环比 +5.8%,近 8 季收入,环比,PASS interaction,
ADSK,2026-07-31,全部业务 / $2.0B / 总收入 · 环比 +5.8%,增长来源,同比,PASS interaction,
ADSK,2026-07-31,全部业务 / $2.0B / 总收入 · 环比 +5.8%,增长来源,环比,PASS interaction,
ADSK,2026-07-31,建筑、工程、施工与运营 / $1.0B / 50.3% · 环比 +6.1%,近 8 季收入,同比,PASS interaction,
ADSK,2026-07-31,建筑、工程、施工与运营 / $1.0B / 50.3% · 环比 +6.1%,近 8 季收入,环比,PASS interaction,
ADSK,2026-07-31,建筑、工程、施工与运营 / $1.0B / 50.3% · 环比 +6.1%,增长来源,同比,PASS interaction,
ADSK,2026-07-31,建筑、工程、施工与运营 / $1.0B / 50.3% · 环比 +6.1%,增长来源,环比,PASS interaction,
ADSK,2026-07-31,AutoCAD 与 AutoCAD LT 产品族 / $500M / 24.4% · 环比 +5.5%,近 8 季收入,同比,PASS interaction,
ADSK,2026-07-31,AutoCAD 与 AutoCAD LT 产品族 / $500M / 24.4% · 环比 +5.5%,近 8 季收入,环比,PASS interaction,
ADSK,2026-07-31,AutoCAD 与 AutoCAD LT 产品族 / $500M / 24.4% · 环比 +5.5%,增长来源,同比,PASS interaction,
ADSK,2026-07-31,AutoCAD 与 AutoCAD LT 产品族 / $500M / 24.4% · 环比 +5.5%,增长来源,环比,PASS interaction,
ADSK,2026-07-31,制造 / $385M / 18.8% · 环比 +4.9%,近 8 季收入,同比,PASS interaction,
ADSK,2026-07-31,制造 / $385M / 18.8% · 环比 +4.9%,近 8 季收入,环比,PASS interaction,
ADSK,2026-07-31,制造 / $385M / 18.8% · 环比 +4.9%,增长来源,同比,PASS interaction,
ADSK,2026-07-31,制造 / $385M / 18.8% · 环比 +4.9%,增长来源,环比,PASS interaction,
ADSK,2026-07-31,媒体与娱乐 / $92.0M / 4.5% · 环比 +7.0%,近 8 季收入,同比,PASS interaction,
ADSK,2026-07-31,媒体与娱乐 / $92.0M / 4.5% · 环比 +7.0%,近 8 季收入,环比,PASS interaction,
ADSK,2026-07-31,媒体与娱乐 / $92.0M / 4.5% · 环比 +7.0%,增长来源,同比,PASS interaction,
ADSK,2026-07-31,媒体与娱乐 / $92.0M / 4.5% · 环比 +7.0%,增长来源,环比,PASS interaction,
ADSK,2026-07-31,其他 / $40.0M / 2.0% · 环比 +8.1%,近 8 季收入,同比,PASS interaction,
ADSK,2026-07-31,其他 / $40.0M / 2.0% · 环比 +8.1%,近 8 季收入,环比,PASS interaction,
ADSK,2026-07-31,其他 / $40.0M / 2.0% · 环比 +8.1%,增长来源,同比,PASS interaction,
ADSK,2026-07-31,其他 / $40.0M / 2.0% · 环比 +8.1%,增长来源,环比,PASS interaction,
ADSK,2026-04-30,全部业务 / $1.9B / 总收入 · 环比 不可比,近 8 季收入,同比,PASS interaction,
ADSK,2026-04-30,全部业务 / $1.9B / 总收入 · 环比 不可比,近 8 季收入,环比,PASS interaction,
ADSK,2026-04-30,全部业务 / $1.9B / 总收入 · 环比 不可比,增长来源,同比,PASS interaction,
ADSK,2026-04-30,全部业务 / $1.9B / 总收入 · 环比 不可比,增长来源,环比,PASS interaction,
ADSK,2026-04-30,建筑、工程、施工与运营 / $970M / 50.2%,近 8 季收入,同比,PASS interaction,
ADSK,2026-04-30,建筑、工程、施工与运营 / $970M / 50.2%,近 8 季收入,环比,PASS interaction,
ADSK,2026-04-30,建筑、工程、施工与运营 / $970M / 50.2%,增长来源,同比,PASS interaction,
ADSK,2026-04-30,建筑、工程、施工与运营 / $970M / 50.2%,增长来源,环比,PASS interaction,
ADSK,2026-04-30,AutoCAD 与 AutoCAD LT 产品族 / $474M / 24.5%,近 8 季收入,同比,PASS interaction,
ADSK,2026-04-30,AutoCAD 与 AutoCAD LT 产品族 / $474M / 24.5%,近 8 季收入,环比,PASS interaction,
ADSK,2026-04-30,AutoCAD 与 AutoCAD LT 产品族 / $474M / 24.5%,增长来源,同比,PASS interaction,
ADSK,2026-04-30,AutoCAD 与 AutoCAD LT 产品族 / $474M / 24.5%,增长来源,环比,PASS interaction,
ADSK,2026-04-30,制造 / $367M / 19.0%,近 8 季收入,同比,PASS interaction,
ADSK,2026-04-30,制造 / $367M / 19.0%,近 8 季收入,环比,PASS interaction,
ADSK,2026-04-30,制造 / $367M / 19.0%,增长来源,同比,PASS interaction,
ADSK,2026-04-30,制造 / $367M / 19.0%,增长来源,环比,PASS interaction,
ADSK,2026-04-30,媒体与娱乐 / $86.0M / 4.4%,近 8 季收入,同比,PASS interaction,
ADSK,2026-04-30,媒体与娱乐 / $86.0M / 4.4%,近 8 季收入,环比,PASS interaction,
ADSK,2026-04-30,媒体与娱乐 / $86.0M / 4.4%,增长来源,同比,PASS interaction,
ADSK,2026-04-30,媒体与娱乐 / $86.0M / 4.4%,增长来源,环比,PASS interaction,
ADSK,2026-04-30,其他 / $37.0M / 1.9%,近 8 季收入,同比,PASS interaction,
ADSK,2026-04-30,其他 / $37.0M / 1.9%,近 8 季收入,环比,PASS interaction,
ADSK,2026-04-30,其他 / $37.0M / 1.9%,增长来源,同比,PASS interaction,
ADSK,2026-04-30,其他 / $37.0M / 1.9%,增长来源,环比,PASS interaction,
ADSK,2025-10-31,全部业务 / $1.9B / 总收入 · 环比 +5.1%,近 8 季收入,同比,PASS interaction,
ADSK,2025-10-31,全部业务 / $1.9B / 总收入 · 环比 +5.1%,近 8 季收入,环比,PASS interaction,
ADSK,2025-10-31,全部业务 / $1.9B / 总收入 · 环比 +5.1%,增长来源,同比,PASS interaction,
ADSK,2025-10-31,全部业务 / $1.9B / 总收入 · 环比 +5.1%,增长来源,环比,PASS interaction,
ADSK,2025-10-31,建筑、工程、施工与运营 / $921M / 49.7% · 环比 +4.9%,近 8 季收入,同比,PASS interaction,
ADSK,2025-10-31,建筑、工程、施工与运营 / $921M / 49.7% · 环比 +4.9%,近 8 季收入,环比,PASS interaction,
ADSK,2025-10-31,建筑、工程、施工与运营 / $921M / 49.7% · 环比 +4.9%,增长来源,同比,PASS interaction,
ADSK,2025-10-31,建筑、工程、施工与运营 / $921M / 49.7% · 环比 +4.9%,增长来源,环比,PASS interaction,
ADSK,2025-10-31,AutoCAD 与 AutoCAD LT 产品族 / $458M / 24.7% · 环比 +4.1%,近 8 季收入,同比,PASS interaction,
ADSK,2025-10-31,AutoCAD 与 AutoCAD LT 产品族 / $458M / 24.7% · 环比 +4.1%,近 8 季收入,环比,PASS interaction,
ADSK,2025-10-31,AutoCAD 与 AutoCAD LT 产品族 / $458M / 24.7% · 环比 +4.1%,增长来源,同比,PASS interaction,
ADSK,2025-10-31,AutoCAD 与 AutoCAD LT 产品族 / $458M / 24.7% · 环比 +4.1%,增长来源,环比,PASS interaction,
ADSK,2025-10-31,制造 / $355M / 19.2% · 环比 +6.3%,近 8 季收入,同比,PASS interaction,
ADSK,2025-10-31,制造 / $355M / 19.2% · 环比 +6.3%,近 8 季收入,环比,PASS interaction,
ADSK,2025-10-31,制造 / $355M / 19.2% · 环比 +6.3%,增长来源,同比,PASS interaction,
ADSK,2025-10-31,制造 / $355M / 19.2% · 环比 +6.3%,增长来源,环比,PASS interaction,
ADSK,2025-10-31,媒体与娱乐 / $86.0M / 4.6% · 环比 +7.5%,近 8 季收入,同比,PASS interaction,
ADSK,2025-10-31,媒体与娱乐 / $86.0M / 4.6% · 环比 +7.5%,近 8 季收入,环比,PASS interaction,
ADSK,2025-10-31,媒体与娱乐 / $86.0M / 4.6% · 环比 +7.5%,增长来源,同比,PASS interaction,
ADSK,2025-10-31,媒体与娱乐 / $86.0M / 4.6% · 环比 +7.5%,增长来源,环比,PASS interaction,
ADSK,2025-10-31,其他 / $33.0M / 1.8% · 环比 +6.5%,近 8 季收入,同比,PASS interaction,
ADSK,2025-10-31,其他 / $33.0M / 1.8% · 环比 +6.5%,近 8 季收入,环比,PASS interaction,
ADSK,2025-10-31,其他 / $33.0M / 1.8% · 环比 +6.5%,增长来源,同比,PASS interaction,
ADSK,2025-10-31,其他 / $33.0M / 1.8% · 环比 +6.5%,增长来源,环比,PASS interaction,
ADSK,2025-07-31,全部业务 / $1.8B / 总收入 · 环比 +8.0%,近 8 季收入,同比,PASS interaction,
ADSK,2025-07-31,全部业务 / $1.8B / 总收入 · 环比 +8.0%,近 8 季收入,环比,PASS interaction,
ADSK,2025-07-31,全部业务 / $1.8B / 总收入 · 环比 +8.0%,增长来源,同比,PASS interaction,
ADSK,2025-07-31,全部业务 / $1.8B / 总收入 · 环比 +8.0%,增长来源,环比,PASS interaction,
ADSK,2025-07-31,建筑、工程、施工与运营 / $878M / 49.8% · 环比 +8.5%,近 8 季收入,同比,PASS interaction,
ADSK,2025-07-31,建筑、工程、施工与运营 / $878M / 49.8% · 环比 +8.5%,近 8 季收入,环比,PASS interaction,
ADSK,2025-07-31,建筑、工程、施工与运营 / $878M / 49.8% · 环比 +8.5%,增长来源,同比,PASS interaction,
ADSK,2025-07-31,建筑、工程、施工与运营 / $878M / 49.8% · 环比 +8.5%,增长来源,环比,PASS interaction,
ADSK,2025-07-31,AutoCAD 与 AutoCAD LT 产品族 / $440M / 25.0% · 环比 +7.1%,近 8 季收入,同比,PASS interaction,
ADSK,2025-07-31,AutoCAD 与 AutoCAD LT 产品族 / $440M / 25.0% · 环比 +7.1%,近 8 季收入,环比,PASS interaction,
ADSK,2025-07-31,AutoCAD 与 AutoCAD LT 产品族 / $440M / 25.0% · 环比 +7.1%,增长来源,同比,PASS interaction,
ADSK,2025-07-31,AutoCAD 与 AutoCAD LT 产品族 / $440M / 25.0% · 环比 +7.1%,增长来源,环比,PASS interaction,
ADSK,2025-07-31,制造 / $334M / 18.9% · 环比 +8.1%,近 8 季收入,同比,PASS interaction,
ADSK,2025-07-31,制造 / $334M / 18.9% · 环比 +8.1%,近 8 季收入,环比,PASS interaction,
ADSK,2025-07-31,制造 / $334M / 18.9% · 环比 +8.1%,增长来源,同比,PASS interaction,
ADSK,2025-07-31,制造 / $334M / 18.9% · 环比 +8.1%,增长来源,环比,PASS interaction,
ADSK,2025-07-31,媒体与娱乐 / $80.0M / 4.5% · 环比 +5.3%,近 8 季收入,同比,PASS interaction,
ADSK,2025-07-31,媒体与娱乐 / $80.0M / 4.5% · 环比 +5.3%,近 8 季收入,环比,PASS interaction,
ADSK,2025-07-31,媒体与娱乐 / $80.0M / 4.5% · 环比 +5.3%,增长来源,同比,PASS interaction,
ADSK,2025-07-31,媒体与娱乐 / $80.0M / 4.5% · 环比 +5.3%,增长来源,环比,PASS interaction,
ADSK,2025-07-31,其他 / $31.0M / 1.8% · 环比 +10.7%,近 8 季收入,同比,PASS interaction,
ADSK,2025-07-31,其他 / $31.0M / 1.8% · 环比 +10.7%,近 8 季收入,环比,PASS interaction,
ADSK,2025-07-31,其他 / $31.0M / 1.8% · 环比 +10.7%,增长来源,同比,PASS interaction,
ADSK,2025-07-31,其他 / $31.0M / 1.8% · 环比 +10.7%,增长来源,环比,PASS interaction,
ADSK,2025-04-30,全部业务 / $1.6B / 总收入 · 环比 不可比,近 8 季收入,同比,PASS interaction,
ADSK,2025-04-30,全部业务 / $1.6B / 总收入 · 环比 不可比,近 8 季收入,环比,PASS interaction,
ADSK,2025-04-30,全部业务 / $1.6B / 总收入 · 环比 不可比,增长来源,同比,PASS interaction,
ADSK,2025-04-30,全部业务 / $1.6B / 总收入 · 环比 不可比,增长来源,环比,PASS interaction,
ADSK,2025-04-30,建筑、工程、施工与运营 / $809M / 49.5%,近 8 季收入,同比,PASS interaction,
ADSK,2025-04-30,建筑、工程、施工与运营 / $809M / 49.5%,近 8 季收入,环比,PASS interaction,
ADSK,2025-04-30,建筑、工程、施工与运营 / $809M / 49.5%,增长来源,同比,PASS interaction,
ADSK,2025-04-30,建筑、工程、施工与运营 / $809M / 49.5%,增长来源,环比,PASS interaction,
ADSK,2025-04-30,AutoCAD 与 AutoCAD LT 产品族 / $411M / 25.2%,近 8 季收入,同比,PASS interaction,
ADSK,2025-04-30,AutoCAD 与 AutoCAD LT 产品族 / $411M / 25.2%,近 8 季收入,环比,PASS interaction,
ADSK,2025-04-30,AutoCAD 与 AutoCAD LT 产品族 / $411M / 25.2%,增长来源,同比,PASS interaction,
ADSK,2025-04-30,AutoCAD 与 AutoCAD LT 产品族 / $411M / 25.2%,增长来源,环比,PASS interaction,
ADSK,2025-04-30,制造 / $309M / 18.9%,近 8 季收入,同比,PASS interaction,
ADSK,2025-04-30,制造 / $309M / 18.9%,近 8 季收入,环比,PASS interaction,
ADSK,2025-04-30,制造 / $309M / 18.9%,增长来源,同比,PASS interaction,
ADSK,2025-04-30,制造 / $309M / 18.9%,增长来源,环比,PASS interaction,
ADSK,2025-04-30,媒体与娱乐 / $76.0M / 4.7%,近 8 季收入,同比,PASS interaction,
ADSK,2025-04-30,媒体与娱乐 / $76.0M / 4.7%,近 8 季收入,环比,PASS interaction,
ADSK,2025-04-30,媒体与娱乐 / $76.0M / 4.7%,增长来源,同比,PASS interaction,
ADSK,2025-04-30,媒体与娱乐 / $76.0M / 4.7%,增长来源,环比,PASS interaction,
ADSK,2025-04-30,其他 / $28.0M / 1.7%,近 8 季收入,同比,PASS interaction,
ADSK,2025-04-30,其他 / $28.0M / 1.7%,近 8 季收入,环比,PASS interaction,
ADSK,2025-04-30,其他 / $28.0M / 1.7%,增长来源,同比,PASS interaction,
ADSK,2025-04-30,其他 / $28.0M / 1.7%,增长来源,环比,PASS interaction,
ADSK,2024-10-31,全部业务 / $1.6B / 总收入 · 环比 不可比,近 8 季收入,同比,PASS interaction,
ADSK,2024-10-31,全部业务 / $1.6B / 总收入 · 环比 不可比,近 8 季收入,环比,PASS interaction,
ADSK,2024-10-31,全部业务 / $1.6B / 总收入 · 环比 不可比,增长来源,同比,PASS interaction,
ADSK,2024-10-31,全部业务 / $1.6B / 总收入 · 环比 不可比,增长来源,环比,PASS interaction,
ADSK,2024-10-31,建筑、工程、施工与运营 / $751M / 47.8%,近 8 季收入,同比,PASS interaction,
ADSK,2024-10-31,建筑、工程、施工与运营 / $751M / 47.8%,近 8 季收入,环比,PASS interaction,
ADSK,2024-10-31,建筑、工程、施工与运营 / $751M / 47.8%,增长来源,同比,PASS interaction,
ADSK,2024-10-31,建筑、工程、施工与运营 / $751M / 47.8%,增长来源,环比,PASS interaction,
ADSK,2024-10-31,AutoCAD 与 AutoCAD LT 产品族 / $398M / 25.4%,近 8 季收入,同比,PASS interaction,
ADSK,2024-10-31,AutoCAD 与 AutoCAD LT 产品族 / $398M / 25.4%,近 8 季收入,环比,PASS interaction,
ADSK,2024-10-31,AutoCAD 与 AutoCAD LT 产品族 / $398M / 25.4%,增长来源,同比,PASS interaction,
ADSK,2024-10-31,AutoCAD 与 AutoCAD LT 产品族 / $398M / 25.4%,增长来源,环比,PASS interaction,
ADSK,2024-10-31,制造 / $307M / 19.6%,近 8 季收入,同比,PASS interaction,
ADSK,2024-10-31,制造 / $307M / 19.6%,近 8 季收入,环比,PASS interaction,
ADSK,2024-10-31,制造 / $307M / 19.6%,增长来源,同比,PASS interaction,
ADSK,2024-10-31,制造 / $307M / 19.6%,增长来源,环比,PASS interaction,
ADSK,2024-10-31,媒体与娱乐 / $83.0M / 5.3%,近 8 季收入,同比,PASS interaction,
ADSK,2024-10-31,媒体与娱乐 / $83.0M / 5.3%,近 8 季收入,环比,PASS interaction,
ADSK,2024-10-31,媒体与娱乐 / $83.0M / 5.3%,增长来源,同比,PASS interaction,
ADSK,2024-10-31,媒体与娱乐 / $83.0M / 5.3%,增长来源,环比,PASS interaction,
ADSK,2024-10-31,其他 / $31.0M / 2.0%,近 8 季收入,同比,PASS interaction,
ADSK,2024-10-31,其他 / $31.0M / 2.0%,近 8 季收入,环比,PASS interaction,
ADSK,2024-10-31,其他 / $31.0M / 2.0%,增长来源,同比,PASS interaction,
ADSK,2024-10-31,其他 / $31.0M / 2.0%,增长来源,环比,PASS interaction,
NET,2026-06-30,全部业务 / $696M / 总收入 · 环比 +8.8%,近 8 季收入,同比,PASS interaction,
NET,2026-06-30,全部业务 / $696M / 总收入 · 环比 +8.8%,近 8 季收入,环比,PASS interaction,
NET,2026-06-30,全部业务 / $696M / 总收入 · 环比 +8.8%,增长来源,同比,PASS interaction,
NET,2026-06-30,全部业务 / $696M / 总收入 · 环比 +8.8%,增长来源,环比,PASS interaction,
NET,2026-06-30,公司整体（单一报告部门） / $696M / 100.0% · 环比 +8.8%,近 8 季收入,同比,PASS interaction,
NET,2026-06-30,公司整体（单一报告部门） / $696M / 100.0% · 环比 +8.8%,近 8 季收入,环比,PASS interaction,
NET,2026-06-30,公司整体（单一报告部门） / $696M / 100.0% · 环比 +8.8%,增长来源,同比,PASS interaction,
NET,2026-06-30,公司整体（单一报告部门） / $696M / 100.0% · 环比 +8.8%,增长来源,环比,PASS interaction,
NET,2026-03-31,全部业务 / $640M / 总收入 · 环比 不可比,近 8 季收入,同比,PASS interaction,
NET,2026-03-31,全部业务 / $640M / 总收入 · 环比 不可比,近 8 季收入,环比,PASS interaction,
NET,2026-03-31,全部业务 / $640M / 总收入 · 环比 不可比,增长来源,同比,PASS interaction,
NET,2026-03-31,全部业务 / $640M / 总收入 · 环比 不可比,增长来源,环比,PASS interaction,
NET,2026-03-31,公司整体（单一报告部门） / $640M / 100.0%,近 8 季收入,同比,PASS interaction,
NET,2026-03-31,公司整体（单一报告部门） / $640M / 100.0%,近 8 季收入,环比,PASS interaction,
NET,2026-03-31,公司整体（单一报告部门） / $640M / 100.0%,增长来源,同比,PASS interaction,
NET,2026-03-31,公司整体（单一报告部门） / $640M / 100.0%,增长来源,环比,PASS interaction,
NET,2025-09-30,全部业务 / $562M / 总收入 · 环比 +9.7%,近 8 季收入,同比,PASS interaction,
NET,2025-09-30,全部业务 / $562M / 总收入 · 环比 +9.7%,近 8 季收入,环比,PASS interaction,
NET,2025-09-30,全部业务 / $562M / 总收入 · 环比 +9.7%,增长来源,同比,PASS interaction,
NET,2025-09-30,全部业务 / $562M / 总收入 · 环比 +9.7%,增长来源,环比,PASS interaction,
NET,2025-09-30,公司整体（单一报告部门） / $562M / 100.0%,近 8 季收入,同比,PASS interaction,
NET,2025-09-30,公司整体（单一报告部门） / $562M / 100.0%,近 8 季收入,环比,PASS interaction,
NET,2025-09-30,公司整体（单一报告部门） / $562M / 100.0%,增长来源,同比,PASS interaction,
NET,2025-09-30,公司整体（单一报告部门） / $562M / 100.0%,增长来源,环比,PASS interaction,
NET,2025-06-30,全部业务 / $512M / 总收入 · 环比 +6.9%,近 8 季收入,同比,PASS interaction,
NET,2025-06-30,全部业务 / $512M / 总收入 · 环比 +6.9%,近 8 季收入,环比,PASS interaction,
NET,2025-06-30,全部业务 / $512M / 总收入 · 环比 +6.9%,增长来源,同比,PASS interaction,
NET,2025-06-30,全部业务 / $512M / 总收入 · 环比 +6.9%,增长来源,环比,PASS interaction,
NET,2025-06-30,公司整体（单一报告部门） / $512M / 100.0% · 环比 +6.9%,近 8 季收入,同比,PASS interaction,
NET,2025-06-30,公司整体（单一报告部门） / $512M / 100.0% · 环比 +6.9%,近 8 季收入,环比,PASS interaction,
NET,2025-06-30,公司整体（单一报告部门） / $512M / 100.0% · 环比 +6.9%,增长来源,同比,PASS interaction,
NET,2025-06-30,公司整体（单一报告部门） / $512M / 100.0% · 环比 +6.9%,增长来源,环比,PASS interaction,
NET,2025-03-31,全部业务 / $479M / 总收入 · 环比 不可比,近 8 季收入,同比,PASS interaction,
NET,2025-03-31,全部业务 / $479M / 总收入 · 环比 不可比,近 8 季收入,环比,PASS interaction,
NET,2025-03-31,全部业务 / $479M / 总收入 · 环比 不可比,增长来源,同比,PASS interaction,
NET,2025-03-31,全部业务 / $479M / 总收入 · 环比 不可比,增长来源,环比,PASS interaction,
NET,2025-03-31,公司整体（单一报告部门） / $479M / 100.0%,近 8 季收入,同比,PASS interaction,
NET,2025-03-31,公司整体（单一报告部门） / $479M / 100.0%,近 8 季收入,环比,PASS interaction,
NET,2025-03-31,公司整体（单一报告部门） / $479M / 100.0%,增长来源,同比,PASS interaction,
NET,2025-03-31,公司整体（单一报告部门） / $479M / 100.0%,增长来源,环比,PASS interaction,
NET,2024-09-30,全部业务 / $430M / 总收入 · 环比 不可比,近 8 季收入,同比,PASS interaction,
NET,2024-09-30,全部业务 / $430M / 总收入 · 环比 不可比,近 8 季收入,环比,PASS interaction,
NET,2024-09-30,全部业务 / $430M / 总收入 · 环比 不可比,增长来源,同比,PASS interaction,
NET,2024-09-30,全部业务 / $430M / 总收入 · 环比 不可比,增长来源,环比,PASS interaction,
NET,2024-09-30,公司整体（单一报告部门） / $430M / 100.0%,近 8 季收入,同比,PASS interaction,
NET,2024-09-30,公司整体（单一报告部门） / $430M / 100.0%,近 8 季收入,环比,PASS interaction,
NET,2024-09-30,公司整体（单一报告部门） / $430M / 100.0%,增长来源,同比,PASS interaction,
NET,2024-09-30,公司整体（单一报告部门） / $430M / 100.0%,增长来源,环比,PASS interaction,
CRWV,,,,,PASS empty state,完整财务图准备中 /  / 不会以缺失值或半图替代完整披露。 /  / MISSING_TWO_QUARTERS
NBIS,,,,,PASS empty state,完整财务图准备中 /  / 不会以缺失值或半图替代完整披露。 /  / MISSING_TWO_QUARTERS
